-- MySQL dump 10.13  Distrib 5.6.23, for Win64 (x86_64)
--
-- Host: localhost    Database: web4t
-- ------------------------------------------------------
-- Server version	5.6.23-log

/*!40101 SET @OLD_CHARACTER_SET_CLIENT=@@CHARACTER_SET_CLIENT */;
/*!40101 SET @OLD_CHARACTER_SET_RESULTS=@@CHARACTER_SET_RESULTS */;
/*!40101 SET @OLD_COLLATION_CONNECTION=@@COLLATION_CONNECTION */;
/*!40101 SET NAMES utf8 */;
/*!40103 SET @OLD_TIME_ZONE=@@TIME_ZONE */;
/*!40103 SET TIME_ZONE='+00:00' */;
/*!40014 SET @OLD_UNIQUE_CHECKS=@@UNIQUE_CHECKS, UNIQUE_CHECKS=0 */;
/*!40014 SET @OLD_FOREIGN_KEY_CHECKS=@@FOREIGN_KEY_CHECKS, FOREIGN_KEY_CHECKS=0 */;
/*!40101 SET @OLD_SQL_MODE=@@SQL_MODE, SQL_MODE='NO_AUTO_VALUE_ON_ZERO' */;
/*!40111 SET @OLD_SQL_NOTES=@@SQL_NOTES, SQL_NOTES=0 */;

--
-- Table structure for table `binder`
--

DROP TABLE IF EXISTS `binder`;
/*!40101 SET @saved_cs_client     = @@character_set_client */;
/*!40101 SET character_set_client = utf8 */;
CREATE TABLE `binder` (
  `ID` bigint(20) NOT NULL,
  PRIMARY KEY (`ID`),
  KEY `FK_adgi6e1ulyukbdxwvg1tnp423` (`ID`),
  CONSTRAINT `FK_adgi6e1ulyukbdxwvg1tnp423` FOREIGN KEY (`ID`) REFERENCES `content` (`ID`)
) ENGINE=InnoDB DEFAULT CHARSET=utf8;
/*!40101 SET character_set_client = @saved_cs_client */;

--
-- Dumping data for table `binder`
--

LOCK TABLES `binder` WRITE;
/*!40000 ALTER TABLE `binder` DISABLE KEYS */;
INSERT INTO `binder` VALUES (23),(28),(82),(89),(91),(92),(95),(98),(100),(106),(113),(114),(116),(119),(120),(121),(122),(123),(126),(129),(130),(131),(133),(134);
/*!40000 ALTER TABLE `binder` ENABLE KEYS */;
UNLOCK TABLES;

--
-- Table structure for table `category`
--

DROP TABLE IF EXISTS `category`;
/*!40101 SET @saved_cs_client     = @@character_set_client */;
/*!40101 SET character_set_client = utf8 */;
CREATE TABLE `category` (
  `ID` bigint(20) NOT NULL AUTO_INCREMENT,
  `VERSION` int(11) NOT NULL,
  `NAME` varchar(255) NOT NULL,
  PRIMARY KEY (`ID`),
  UNIQUE KEY `UK_riore06il3igyibh7h1ksq64p` (`NAME`)
) ENGINE=InnoDB AUTO_INCREMENT=125 DEFAULT CHARSET=utf8;
/*!40101 SET character_set_client = @saved_cs_client */;

--
-- Dumping data for table `category`
--

LOCK TABLES `category` WRITE;
/*!40000 ALTER TABLE `category` DISABLE KEYS */;
INSERT INTO `category` VALUES (1,2,'Functions'),(2,2,'Mathematics'),(5,2,'Review of Algebra'),(8,1,'Set Theory'),(9,1,'Equations'),(10,0,'ΜΑΘΗΜΑΤΙΚΑ Ι'),(11,0,'Λογισμός μιας Μεταβλητής'),(12,0,'Λογισμός Πολλών Μεταβλητών'),(13,0,'Βασικά Σύνολα Αριθμών'),(14,0,'Πραγματικοί Αριθμοί'),(15,0,'Μιγαδικοί Αριθμοί'),(16,0,'Συναρτήσεις – Ακολουθίες – Όρια'),(17,0,'Η Συνάρτηση'),(18,0,'Η Ακολουθία'),(19,1,'Το Όριο'),(20,0,'Βασικές Ιδιότητες'),(21,0,'Σειρές'),(22,0,'Η Ένοια της Σειράς'),(23,0,'Κριτήριαα Σύγκλισης'),(24,0,'Απόλυτη και Σχετική Σύγκλιση'),(25,0,'Όριο και Συνέχεια Συναρτήσεων'),(26,0,'Όριο Συνάρτησης'),(27,0,'Συνέχεια Συνάρτησης'),(28,0,'Πλευρικές Οριακές Διαδικασίες'),(29,0,'Μονοτονία και Αντιστροφή'),(30,0,'Η Παράγωγος'),(31,0,'Η  Έννοια της Παραγώγου'),(32,0,'Ερμηνεία της Παραγώγου'),(33,0,'Βασικές Ιδιότητες της Παραγώγου'),(34,0,'Το Διαφορικό'),(35,0,'Βασικά Θεωρήματα του Διαφορικού Λογισμού'),(36,0,'Θεώρημα Μέσης Τιμής'),(37,0,'Επακόλουθα του Θεωρήματος Μέσης Τιμής'),(38,0,'Απροσδιόριστες Μορφές'),(39,0,'Ακρότατα'),(40,0,'Ακρότατα Συνάρτησης'),(41,0,'Το Ανάπτυγμα Taylor'),(42,0,'Πολυωνυμική Προσέγγιση'),(43,0,'Ανάπτυγμα Taylor'),(44,0,'Αναλυτικές Συναρτήσεις'),(45,0,'Σύμβολα του Landau'),(46,0,'Εκθετική Συνάρτηση'),(47,0,'Συναρτήσεις Ημιτόνου και Συνημιτόνου'),(48,0,'Συναρτήσεις Υπερβολικού Ημιτόνου και Συνημιτόνου'),(49,0,'Διωνυμική Σειρά'),(50,0,'Το  Ολοκλήρωμα'),(51,0,'Εμβαδόν και Ορισμένο Ολοκλήρωμα'),(52,0,'Ιδιότητες του Ολοκλήρωματος'),(53,0,'Το Αόριστο Ολοκλήρωμα'),(54,0,'Το Θεμελιώδες Θεώρημα του Λογισμού'),(55,0,'Γενικευμένη Ολοκλήρωση'),(56,0,'Είδη Γενικευμένων Ολοκληρωμάτων'),(57,0,'Κριτήρια Σύγκλισης'),(58,0,'Μετασχηματισμός Laplace'),(59,0,'Εφαρμογές των Ολοκληρωμάτων'),(60,0,'Εμβαδά'),(61,0,'Όγκοι'),(62,0,'Μήκος Επίπεδης Καμπύλης'),(63,0,'Επιφάνεια Στερεού από Περιστροφή'),(64,0,'Κέντρα Βάρους'),(65,0,'Έργο Δύναμης'),(66,0,'Σειρές Fourier'),(67,0,'Τριγωνομετρικά Πολυώνυμα'),(70,0,'Οι Σειρές Fourier'),(71,0,'Άρτιες και Περιττές Συναρτήσεις'),(72,0,'Σύγκλιση των Σειρών Fourier'),(73,0,'Ο Πολυδιάστατος Πραγματικός Χώρος'),(74,9,'Χώροι  R<sup>2</sup> και R<sup>3</sup>'),(75,0,'Εσωτερικό Γινόμενο Διανυσμάτων'),(76,0,'Εξωτερικό Γινόμενο Διανυσμάτων'),(77,0,'Μικτό Γινόμενο'),(78,0,'Πολλαπλά Γινόμενα'),(79,0,'Συναρτήσεις στις Πολλές  Διαστάσεις'),(80,0,'Είδη Συναρτήσεων'),(81,0,'Ιδιότητες Υποσυνόλων του R2'),(82,0,'Όριο-Συνέχεια-Παραγώγιση στις Πολλές Διαστάσεις'),(84,0,'Όριο στις Πολλές  Διαστάσεις'),(85,0,'Συνέχεια στις Πολλές  Διαστάσεις'),(86,0,'Παράγωγοι Συνάρτησης'),(87,0,'Παράγωγοι Ανώτερης Τάξης'),(88,0,'Βασικά Θεωρήματα'),(89,0,'Επιλυσιμότητα Εξισώσεων και Συστημάτων'),(90,0,'Συναρτησιακή Εξάρτηση'),(91,0,'Θεώρημα Μέσης Τιμής στις Πολλές  Διαστάσεις'),(92,0,'Ανάπτυγμα Taylor σε Δύο Διαστάσεις'),(93,0,'Ακρότατα σε Πολλές Διαστάσεις'),(94,0,'Καμπύλες και Επιφάνειες'),(95,0,'Δύο Χρήσιμες Ιδιότητες'),(96,0,'Καμπύλες'),(97,0,'Τρίεδρο Frenet'),(98,0,'Επιφάνειες'),(99,0,'Πολλαπλή Ολοκλήρωση'),(100,0,'Διπλή Ολοκλήρωση'),(102,0,'Πολλαπλά Ολοκληρώματα'),(103,0,'Αλλαγή Μεταβλητών'),(104,0,'Ιδιότητες Πολλαπλών Ολοκληρωμάτων'),(105,0,'Κέντρο Βάρους και Ροπή Αδρανείας'),(106,0,'Επικαμπύλια και Επιφανειακά Ολοκληρώματα'),(107,0,'Επικαμπύλια Ολοκληρώματα'),(108,0,'Επιφανειακά Ολοκληρώματα'),(109,0,'Βασικές Εφαρμογές'),(110,0,'Διανυσματική Ανάλυση'),(111,0,'Διαφορικοί Τελεστές'),(112,0,'Το Θεώρημα του Green'),(113,0,'Το Θεώρημα του Gauss'),(114,0,'Το Θεώρημα του Stokes'),(115,0,'Αστρόβιλα και Σωληνοειδή Πεδία'),(116,0,'Η Αναπαράσταση Helmholtz'),(117,0,'Παραγώγιση και Ολοκλήρωση'),(118,0,'Αντιμετάθεση Οριακών Διαδικασιών'),(119,0,'Ακολουθίες Συναρτήσεων '),(120,0,'Σειρές Συναρτήσεων'),(121,0,'P4'),(122,0,'gt test cat'),(124,0,'test alexadra');
/*!40000 ALTER TABLE `category` ENABLE KEYS */;
UNLOCK TABLES;

--
-- Table structure for table `category_hierarchy`
--

DROP TABLE IF EXISTS `category_hierarchy`;
/*!40101 SET @saved_cs_client     = @@character_set_client */;
/*!40101 SET character_set_client = utf8 */;
CREATE TABLE `category_hierarchy` (
  `ID` bigint(20) NOT NULL AUTO_INCREMENT,
  `VERSION` int(11) NOT NULL,
  `PARENT_ID` bigint(20) NOT NULL,
  `CHILD_ID` bigint(20) NOT NULL,
  `SORTING` bigint(20) NOT NULL,
  PRIMARY KEY (`ID`),
  UNIQUE KEY `UK_vybdp24soe9p3r9ntgri46rl` (`PARENT_ID`,`CHILD_ID`),
  KEY `FK_bhfnghf0kc3xmhnqx4txob4rl` (`PARENT_ID`),
  KEY `FK_lm1efomlyw4d0vyclm8ojpmvn` (`CHILD_ID`),
  CONSTRAINT `FK_bhfnghf0kc3xmhnqx4txob4rl` FOREIGN KEY (`PARENT_ID`) REFERENCES `category` (`ID`),
  CONSTRAINT `FK_lm1efomlyw4d0vyclm8ojpmvn` FOREIGN KEY (`CHILD_ID`) REFERENCES `category` (`ID`)
) ENGINE=InnoDB AUTO_INCREMENT=121 DEFAULT CHARSET=utf8;
/*!40101 SET character_set_client = @saved_cs_client */;

--
-- Dumping data for table `category_hierarchy`
--

LOCK TABLES `category_hierarchy` WRITE;
/*!40000 ALTER TABLE `category_hierarchy` DISABLE KEYS */;
INSERT INTO `category_hierarchy` VALUES (1,5,2,1,5),(7,1,2,5,3),(10,3,2,8,4),(11,0,5,9,1),(12,2,10,11,1),(13,2,10,12,2),(14,0,11,13,1),(15,0,13,14,1),(16,0,13,15,2),(17,2,11,16,4),(18,6,16,17,1),(19,6,16,18,2),(20,0,16,19,3),(21,0,16,20,4),(22,2,11,21,9),(23,0,21,22,1),(24,0,21,23,2),(25,0,21,24,3),(26,0,11,25,13),(27,3,25,26,2),(28,3,25,27,1),(29,0,25,28,3),(30,0,25,29,4),(31,0,11,30,18),(32,0,30,31,1),(33,0,30,32,2),(34,0,30,33,3),(35,0,30,34,4),(36,0,11,35,23),(37,0,35,36,1),(38,2,35,37,2),(39,2,35,38,3),(40,0,11,39,27),(41,0,39,40,1),(42,0,11,41,29),(43,0,41,42,1),(44,0,41,43,2),(45,0,41,44,3),(46,0,41,45,4),(47,0,41,46,5),(48,0,41,47,6),(49,0,41,48,7),(50,0,41,49,8),(51,0,11,50,38),(52,0,50,51,1),(53,0,50,52,2),(54,0,50,53,3),(55,0,50,54,4),(56,0,11,55,43),(57,0,55,56,1),(58,0,55,57,2),(59,0,55,58,3),(60,0,11,59,47),(61,0,59,60,1),(62,0,59,61,2),(63,0,59,62,3),(64,0,59,63,4),(65,0,59,64,5),(66,0,59,65,6),(67,0,11,66,54),(68,0,66,67,1),(69,0,66,70,2),(70,0,66,71,3),(71,0,66,72,4),(72,0,12,73,1),(73,0,73,74,1),(74,0,73,75,2),(75,0,73,76,3),(76,0,73,77,4),(77,0,73,78,5),(78,0,12,79,7),(79,0,79,80,1),(80,0,79,81,2),(81,0,12,82,10),(82,0,82,84,1),(83,0,82,85,2),(84,0,82,86,3),(85,0,82,87,4),(86,1,76,88,1),(87,0,88,89,1),(88,0,88,90,2),(89,0,88,91,3),(90,0,88,92,4),(91,0,88,93,5),(92,0,12,94,21),(93,1,94,95,2),(94,1,94,96,1),(95,0,94,97,3),(96,0,94,98,4),(98,0,99,100,1),(99,0,12,99,6),(100,0,99,102,2),(101,0,99,103,3),(102,1,82,104,1),(103,0,99,105,5),(104,0,12,106,12),(105,0,106,107,1),(106,0,106,108,2),(107,0,106,109,3),(108,0,12,110,16),(109,0,110,111,1),(110,0,110,112,2),(111,0,110,113,3),(112,0,110,114,4),(113,0,110,115,5),(114,0,110,116,6),(115,0,110,117,7),(116,0,12,118,24),(117,0,118,119,1),(118,0,118,120,2),(120,1,2,124,3);
/*!40000 ALTER TABLE `category_hierarchy` ENABLE KEYS */;
UNLOCK TABLES;

--
-- Table structure for table `content`
--

DROP TABLE IF EXISTS `content`;
/*!40101 SET @saved_cs_client     = @@character_set_client */;
/*!40101 SET character_set_client = utf8 */;
CREATE TABLE `content` (
  `ID` bigint(20) NOT NULL AUTO_INCREMENT,
  `VERSION` int(11) NOT NULL,
  `NAME` varchar(255) NOT NULL,
  `BOOK_DATE` datetime NOT NULL,
  `UPDATE_DATE` datetime DEFAULT NULL,
  `OWNER_ID` bigint(20) NOT NULL,
  PRIMARY KEY (`ID`),
  UNIQUE KEY `UK_6higiu5uwaced8j5wx8n2jn73` (`NAME`),
  KEY `FK_k5s91qh3emr7d7jjlkgw989lu` (`OWNER_ID`),
  CONSTRAINT `FK_k5s91qh3emr7d7jjlkgw989lu` FOREIGN KEY (`OWNER_ID`) REFERENCES `w4tj`.`user_identity` (`ID`)
) ENGINE=InnoDB AUTO_INCREMENT=135 DEFAULT CHARSET=utf8;
/*!40101 SET character_set_client = @saved_cs_client */;

--
-- Dumping data for table `content`
--

LOCK TABLES `content` WRITE;
/*!40000 ALTER TABLE `content` DISABLE KEYS */;
INSERT INTO `content` VALUES (23,2,'Τα projects μου','2013-11-15 15:40:20','2013-12-10 10:14:28',1),(28,5,'Εξεταστική Σεπ 2012','2013-11-16 18:10:53','2013-12-10 10:12:16',1),(35,17,'Γραμμική Άλγεβρα','2013-11-18 14:21:38','2015-05-25 21:23:21',1),(42,17,'Formula','2013-11-18 15:33:04','2013-12-10 09:25:42',1),(45,14,'Lorem Ipsum','2013-11-18 15:43:00','2015-05-25 21:23:49',1),(48,13,'<b>Cauchy</b>-<span style=\"color:green\">Schwarz</span>','2013-11-18 15:50:39','2013-12-14 15:00:46',1),(82,0,'2013','2013-11-21 13:04:02',NULL,5),(83,6,'<u>Πίνακες</u>','2013-11-27 16:40:20','2013-12-11 16:09:41',5),(84,19,'Γραπτές Εργασίες 2001-2002','2013-11-29 14:30:49','2013-12-13 13:39:36',5),(88,1,'Single Valued Functions','2013-11-29 19:08:36','2013-12-06 22:40:47',5),(89,0,'Εργασίες','2013-12-10 09:28:36',NULL,5),(91,0,'2012','2013-12-10 10:12:21',NULL,1),(92,0,'exe','2013-12-10 19:25:18',NULL,5),(95,0,'Ggg','2013-12-14 14:55:20',NULL,5),(97,8,'ε1α2_16102001','2013-12-19 15:38:17','2013-12-27 13:12:38',5),(98,0,'exam','2013-12-19 18:48:29',NULL,5),(100,0,'exam 2014','2013-12-19 19:12:35',NULL,5),(104,1,'gt','2014-01-04 01:38:40','2014-01-04 01:39:06',7),(105,19,'ε1α4_16102001','2014-03-20 12:30:42','2014-03-22 17:32:39',5),(106,0,'Test1','2014-03-20 18:14:10',NULL,5),(107,2,'ε1α1_16102001','2014-03-20 20:51:25','2014-03-22 17:33:14',5),(108,1,'ε1α9_16102001','2014-03-21 21:10:20','2014-03-21 21:13:41',5),(109,8,'ε1α1_16102002','2014-03-23 15:23:01','2014-07-24 11:51:21',5),(110,3,'ε1α6_16102002','2014-03-24 15:58:57','2014-07-19 22:51:50',5),(111,1,'ε1α9_16102002','2014-03-25 10:56:03','2014-03-25 10:59:15',5),(112,4,'ε1α3_16102001','2014-03-25 17:59:21','2014-03-25 18:57:14',5),(113,0,'New Test','2014-07-19 18:10:08',NULL,5),(114,0,'New Test 2','2014-07-19 19:10:57',NULL,5),(115,1,'ε1α10_28092003','2014-07-19 23:00:01','2014-07-19 23:07:37',5),(116,0,'New Test 3','2014-07-19 23:24:03',NULL,5),(119,0,'TEST K','2014-07-22 13:35:25',NULL,5),(120,0,'maria','2014-07-24 11:55:54',NULL,5),(121,0,'test 10','2014-07-30 17:52:35',NULL,5),(122,0,'alexadra','2014-08-08 11:43:30',NULL,5),(123,0,'l2','2014-09-05 12:03:08',NULL,6),(125,0,'Testxxx','2014-09-05 16:09:29',NULL,6),(126,0,'christos','2014-10-20 17:58:30',NULL,5),(127,1,'trial','2014-11-02 17:49:56','2014-11-02 17:50:29',5),(128,1,'jjj','2014-12-16 08:55:47','2014-12-16 08:56:38',1),(129,0,'antonia','2015-01-12 16:44:51',NULL,5),(130,0,'asoee','2015-03-17 14:10:30',NULL,5),(131,0,'Παράδειγμα','2015-03-24 23:38:55',NULL,5),(132,1,'Παράδειγμα2','2015-03-24 23:44:07','2015-03-24 23:44:36',5),(133,0,'Αρχείο 1','2015-03-24 23:49:01',NULL,5),(134,0,'stamatis','2015-04-01 18:32:53',NULL,5);
/*!40000 ALTER TABLE `content` ENABLE KEYS */;
UNLOCK TABLES;

--
-- Table structure for table `content_comments`
--

DROP TABLE IF EXISTS `content_comments`;
/*!40101 SET @saved_cs_client     = @@character_set_client */;
/*!40101 SET character_set_client = utf8 */;
CREATE TABLE `content_comments` (
  `ID` bigint(20) NOT NULL,
  `COMMENTS` longtext NOT NULL,
  `BOOK_DATE` datetime NOT NULL,
  `UPDATE_DATE` datetime DEFAULT NULL,
  PRIMARY KEY (`ID`),
  CONSTRAINT `content_comments_ibfk_1` FOREIGN KEY (`ID`) REFERENCES `content` (`ID`)
) ENGINE=InnoDB DEFAULT CHARSET=utf8;
/*!40101 SET character_set_client = @saved_cs_client */;

--
-- Dumping data for table `content_comments`
--

LOCK TABLES `content_comments` WRITE;
/*!40000 ALTER TABLE `content_comments` DISABLE KEYS */;
/*!40000 ALTER TABLE `content_comments` ENABLE KEYS */;
UNLOCK TABLES;

--
-- Table structure for table `content_hierarchy`
--

DROP TABLE IF EXISTS `content_hierarchy`;
/*!40101 SET @saved_cs_client     = @@character_set_client */;
/*!40101 SET character_set_client = utf8 */;
CREATE TABLE `content_hierarchy` (
  `ID` bigint(20) NOT NULL AUTO_INCREMENT,
  `PARENT_ID` bigint(20) NOT NULL,
  `CHILD_ID` bigint(20) NOT NULL,
  `SORTING` bigint(20) NOT NULL,
  PRIMARY KEY (`ID`),
  UNIQUE KEY `UK_98x1mv4o1phpp3reukyjmjrp` (`PARENT_ID`,`CHILD_ID`),
  KEY `FK_gyhqx87c3cfiwush6ygdts4b4` (`PARENT_ID`),
  KEY `FK_3p4g1b9dlb07fw40dxsmxxmr6` (`CHILD_ID`),
  CONSTRAINT `FK_3p4g1b9dlb07fw40dxsmxxmr6` FOREIGN KEY (`CHILD_ID`) REFERENCES `content` (`ID`),
  CONSTRAINT `FK_gyhqx87c3cfiwush6ygdts4b4` FOREIGN KEY (`PARENT_ID`) REFERENCES `binder` (`ID`)
) ENGINE=InnoDB AUTO_INCREMENT=99 DEFAULT CHARSET=utf8;
/*!40101 SET character_set_client = @saved_cs_client */;

--
-- Dumping data for table `content_hierarchy`
--

LOCK TABLES `content_hierarchy` WRITE;
/*!40000 ALTER TABLE `content_hierarchy` DISABLE KEYS */;
INSERT INTO `content_hierarchy` VALUES (7,91,28,1),(34,23,82,8),(36,82,48,1),(41,89,84,1),(42,28,45,1),(43,89,48,2),(44,91,89,4),(46,23,91,1),(47,82,83,2),(48,82,88,3),(49,82,92,4),(50,92,45,1),(51,92,83,2),(52,82,95,1),(53,95,45,1),(54,95,84,2),(60,28,83,2),(61,92,84,3),(62,23,106,7),(63,106,97,1),(64,106,105,2),(65,23,113,4),(66,113,97,1),(67,113,105,2),(68,113,107,3),(69,114,109,1),(70,114,108,2),(71,114,105,3),(72,116,110,1),(73,116,115,2),(74,119,110,2),(75,119,115,1),(76,120,109,1),(77,120,110,2),(78,120,115,3),(79,121,109,2),(80,121,110,3),(81,122,109,2),(82,122,110,1),(83,122,115,3),(84,123,104,1),(85,98,123,2),(86,100,107,1),(87,100,108,2),(88,126,107,1),(89,126,112,2),(91,129,109,1),(92,129,97,2),(93,130,109,1),(94,130,107,2),(95,130,112,3),(97,134,97,1),(98,134,107,2);
/*!40000 ALTER TABLE `content_hierarchy` ENABLE KEYS */;
UNLOCK TABLES;

--
-- Table structure for table `content_note`
--

DROP TABLE IF EXISTS `content_note`;
/*!40101 SET @saved_cs_client     = @@character_set_client */;
/*!40101 SET character_set_client = utf8 */;
CREATE TABLE `content_note` (
  `ID` bigint(20) NOT NULL,
  `NOTES` longtext NOT NULL,
  `BOOK_DATE` datetime NOT NULL,
  `UPDATE_DATE` datetime DEFAULT NULL,
  PRIMARY KEY (`ID`),
  CONSTRAINT `content_note_ibfk_1` FOREIGN KEY (`ID`) REFERENCES `content` (`ID`)
) ENGINE=InnoDB DEFAULT CHARSET=utf8;
/*!40101 SET character_set_client = @saved_cs_client */;

--
-- Dumping data for table `content_note`
--

LOCK TABLES `content_note` WRITE;
/*!40000 ALTER TABLE `content_note` DISABLE KEYS */;
INSERT INTO `content_note` VALUES (23,'<h1>\n	All Projects</h1>\n','2013-11-18 11:14:46','2013-12-10 10:14:28'),(28,'<p>\n	&Lambda;&omicron;&rho;&epsilon;&mu;</p>\n<p>\n	&nbsp;</p>\n','2013-11-20 15:03:00','2013-12-10 10:12:16'),(35,'<p>&Alpha;&upsilon;&tau;ή &eta; ά&sigma;&kappa;&eta;&sigma;&eta; &lambda;ύ&nu;&epsilon;&tau;&alpha;&iota; &omega;&sigmaf; &epsilon;&xi;ή&sigmaf;:</p>\n\n<p>&nbsp;</p>\n\n<ol>\n	<li>&Pi;&alpha;&rho;&alpha;&gamma;&omega;&gamma;ί&zeta;&omicron;&upsilon;&mu;&epsilon; &gamma;&iota;&alpha; \\( x = 0\\) &kappa;&alpha;&iota;&nbsp;\\( x = n\\)</li>\n	<li>&Mu;&epsilon;&tau;ά ...</li>\n	<li>&Lambda;&alpha;&lambda;&alpha;</li>\n</ol>\n\n<div style=\"text-align:center\">\n<figure class=\"caption\" style=\"display:inline-block\"><img alt=\"\" src=\"http://sandbox.web4thejob.org/web4t/raw?id=5\" />\n<figcaption><em>Place a caption here.</em></figcaption>\n</figure>\n</div>\n\n<p>&nbsp;</p>\n','2013-11-20 11:03:50','2015-05-25 21:23:21'),(42,'<p>\n	<br />\n	<span style=\"font-size:26px;\">$$\\bigcup\\limits_{i = 1}^n {{X_i}} {\\cos ^{ - 1}}\\theta {\\sin ^{ - 1}}\\theta {e^{i\\theta }}$$</span></p>\n','2013-11-18 21:17:01','2013-12-10 09:25:42'),(45,'<h1>\n	Lorem Ipsum</h1>\n<p>\n	Lorem ipsum dolor sit amet, consectetur adipiscing elit. Sed augue nisi, elementum cursus volutpat et, mollis ut risus. Vestibulum pulvinar leo vitae dignissim tristique. Fusce consequat volutpat risus, sed dignissim risus blandit vitae. Donec consectetur ipsum tortor, id aliquam risus sodales eget. Duis dui tortor, fermentum id sollicitudin ut, auctor sit amet nunc. Aliquam pulvinar nec risus id molestie. Praesent ultrices tellus ipsum, quis adipiscing tellus viverra nec. Ut euismod porttitor erat. Sed quis sapien id est faucibus aliquam. Curabitur ligula purus, varius sed lectus et, commodo molestie ipsum. Maecenas vestibulum orci id dui malesuada, eget lacinia ipsum convallis. Aenean accumsan libero velit, sit amet egestas orci aliquet tempus. Maecenas a elementum sem, vitae scelerisque nisi. Sed ut odio non ante rutrum ornare. Fusce dignissim vulputate scelerisque.</p>\n<h2>\n	Aliquam erat volutpat.</h2>\n<p>\n	Sed consectetur quam ac nibh viverra fringilla. Suspendisse potenti. Nam vestibulum felis in enim porta, eget cursus nisi dignissim. Interdum et malesuada fames ac ante ipsum primis in faucibus. Aliquam a orci mauris. Lorem ipsum dolor sit amet, consectetur adipiscing elit. Nulla id consequat tortor, eget iaculis ante. Maecenas luctus mauris non leo hendrerit consectetur. Nullam ornare vulputate arcu a pharetra. Aenean risus leo, lacinia vel egestas sit amet, pretium at nulla. Morbi pellentesque molestie orci, ut vulputate velit sodales ac. Sed vehicula lorem enim, eu aliquet urna egestas quis.</p>\n<p>\n	\\( x_1 = a+b ~~\\mbox{and}~~ x_2=a-b \\)</p>\n<p>\n	Aenean vel mauris in tortor convallis dapibus accumsan vitae nibh. In hac habitasse platea dictumst. Nunc et felis id est ultrices dignissim a sit amet ipsum. Curabitur vitae ullamcorper odio, feugiat rhoncus lorem. Integer eros dolor, laoreet sed quam at, tincidunt sagittis quam. Morbi mattis volutpat lorem vitae tincidunt. Nam eu mi sed diam convallis facilisis. Morbi ac viverra velit. Praesent ac odio vitae urna accumsan rutrum at a ante. Nunc tincidunt leo at feugiat pellentesque.</p>\n<p>\n	Vestibulum nec lorem quis odio molestie tempus. Curabitur a pellentesque risus, sit amet viverra felis. Sed condimentum quis urna at condimentum. Maecenas quis est consequat, interdum ligula eu, tempor nulla. Aenean sit amet metus et elit sollicitudin aliquam. Proin pellentesque magna feugiat lorem iaculis varius. Integer tristique, enim a lobortis ullamcorper, augue justo eleifend odio, varius condimentum sapien odio vitae sem. Cras vitae tincidunt nunc. Nunc id justo ut lacus pharetra pulvinar. In fringilla vulputate est, vitae pharetra odio sagittis et. Cum sociis natoque penatibus et magnis dis parturient montes, nascetur ridiculus mus. Praesent in ornare nunc. Praesent lobortis diam vitae faucibus facilisis. Proin ornare iaculis urna vel porta. Suspendisse quis elit at est porttitor accumsan.</p>\n<p>\n	<br />\n	Vestibulum nec dui ante. Aenean eu ultricies ligula, vitae aliquet sem. Maecenas metus metus, pulvinar id eleifend eu, convallis eu lacus. Mauris pulvinar tincidunt turpis, ac tincidunt elit hendrerit at. Vestibulum tempus mauris vel arcu bibendum cursus. Duis eleifend lectus non lobortis ornare. Quisque a tellus eget justo suscipit eleifend. Sed mattis tempor pretium. Fusce libero sem, ultricies vitae congue rhoncus, interdum id ante. Nullam mattis nibh at quam laoreet, ut tempus elit ornare. Nulla erat velit, interdum et viverra sit amet, molestie in enim. Etiam vitae metus viverra, auctor massa nec, tristique sem. Integer laoreet aliquet mi malesuada pretium. Etiam ullamcorper purus quis odio euismod bibendum.</p>\n','2013-11-19 17:07:45','2015-05-25 21:23:49'),(48,'<p>The following equations are represented in the HTML source code as LaTeX expressions.</p>\n\n<h1>The Cauchy-Schwarz Inequality</h1>\n\n<p><span class=\"math-tex\">\\( \\left( \\sum_{k=1}^n a_k b_k \\right)^2 \\leq \\left( \\sum_{k=1}^n a_k^2 \\right) \\left( \\sum_{k=1}^n b_k^2 \\right) \\)</span></p>\n\n<h1>The probability of getting <span class=\"math-tex\">\\(k\\)</span> heads when flipping <span class=\"math-tex\">\\(n\\)</span> coins is</h1>\n\n<p><span class=\"math-tex\">\\(P(E) = {n \\choose k} p^k (1-p)^{ n-k} \\)</span></p>\n\n<p>Finally, while displaying equations is useful for demonstration purposes, the ability to mix math and text in a paragraph is also important. This expression <span class=\"math-tex\">\\(\\sqrt{3x-1}+(1+x)^2\\)</span> is an example of an inline equation. As you see, MathJax equations can be used this way as well, without disturbing the spacing between the lines.</p>\n','2013-11-18 20:45:24','2013-12-14 15:00:46'),(97,'<p>(α) Εχουμε ότι</p>\n\n<p>\\[f(x) = \\frac{{\\sin \\left[ {\\left( {x - 1} \\right)\\left( {x - 2} \\right)} \\right]}}{{x - 1}} = \\frac{{\\sin \\left[ {\\left( {x - 1} \\right)\\left( {x - 2} \\right)} \\right]}}{{\\left( {x - 1} \\right)\\left( {x - 2} \\right)}}\\left( {x - 2} \\right)\\]</p>\n\n<p>&nbsp;Θέτοντας <span class=\"math-tex\">\\(h = \\left( {x - 1} \\right)\\left( {x - 2} \\right)\\)</span>έχουμε ότι όταν&nbsp;<span class=\"math-tex\">\\(x \\to 1\\)</span> τότε <span class=\"math-tex\">\\(h \\to 0\\)</span></p>\n\n<p>οπότε&nbsp;</p>\n\n<p>\\[\\mathop {\\lim }\\limits_{x \\to 1} \\frac{{\\sin \\left[ {\\left( {x - 1} \\right)\\left( {x - 2} \\right)} \\right]}}{{\\left( {x - 1} \\right)\\left( {x - 2} \\right)}} = \\mathop {\\lim }\\limits_{h \\to 0} \\frac{{\\sinh }}{h} = 1\\] (Παράδειγμα, σελ. 51)</p>\n\n<p>Επομένως&nbsp; \\[\\mathop {\\lim }\\limits_{x \\to 1} \\,f(x) = 1 \\cdot \\left( {1 - 2} \\right) =&nbsp; - 1\\]</p>\n\n<p>(β)&nbsp; Εχουμε ότι</p>\n\n<p>&nbsp;\\[f(x) = \\frac{{x\\cos x}}{{\\sin x}} \\cdot \\frac{{\\left( {x - \\frac{\\pi }{2}} \\right)}}{{\\left( {x + \\pi } \\right)\\left( {x - \\frac{\\pi }{2}} \\right)}} = \\frac{{x\\cos x}}{{\\sin x \\cdot \\left( {x + \\pi } \\right)}}\\]</p>\n\n<p>οπότε&nbsp; \\[\\mathop {\\lim }\\limits_{x \\to \\frac{\\pi }{2}} \\,f(x) = \\frac{{\\frac{\\pi }{2} \\cdot 0}}{{1 \\cdot \\frac{{3\\pi }}{2}}} = 0\\]</p>\n','2013-12-19 15:41:49','2014-03-20 20:47:35'),(105,'<p style=\"margin-left:40px\">(α)&nbsp;&nbsp; Εχουμε ότι</p>\n\n<p style=\"margin-left:40px\"><span class=\"math-tex\">\\(\\mathop {\\lim }\\limits_{x \\to {0^ - }} \\,f(x) = \\mathop {\\lim }\\limits_{x \\to {0^ - }} \\left( {{e^{ - \\frac{1}{{{x^2}}}}} + 1} \\right) = 0 + 1 = 1,\\)</span> αφού <span class=\"math-tex\">\\( \\mathop {\\lim }\\limits_{x \\to {0^ - }} \\,\\left( { - \\frac{1}{{{x^2}}}} \\right) = - \\infty , \\mathop {\\lim }\\limits_{x \\to - \\infty } {e^x}\\, = 0\\)</span></p>\n\n<p style=\"margin-left:40px\"><span class=\"math-tex\">\\(\\mathop {\\lim }\\limits_{x \\to {0^ + }} \\,f(x) = \\mathop {\\lim }\\limits_{x \\to {0^ + }} \\left( {\\frac{{\\kappa \\eta \\mu x}}{x}} \\right) = \\kappa \\mathop {\\lim }\\limits_{x \\to {0^ + }} \\left( {\\frac{{\\eta \\mu x}}{x}} \\right) = \\kappa \\cdot 1 = \\kappa\\)</span></p>\n\n<p style=\"margin-left:40px\"><span class=\"math-tex\">\\(\\mathop {\\lim }\\limits_{x \\to {0^ + }} \\left( {\\frac{{\\eta \\mu x}}{x}} \\right) = \\kappa \\cdot 1 = \\kappa\\)</span>, αφού <span class=\"math-tex\">\\(\\mathop {\\lim }\\limits_{x \\to 0} \\left( {\\frac{{\\eta \\mu x}}{x}} \\right) = 1\\)</span></p>\n\n<p style=\"margin-left:18.0pt\">&nbsp;(Παράδειγμα, σελ. 51).</p>\n\n<p style=\"margin-left:18.0pt\"><span class=\"math-tex\">\\(\\mathop {\\lim }\\limits_{x \\to {{\\frac{\\pi }{2}}^ - }} \\,f(x) = \\mathop {\\lim }\\limits_{x \\to {{\\frac{\\pi }{2}}^ - }} \\left( {\\frac{{\\kappa \\eta \\mu x}}{x}} \\right) = \\frac{{2\\kappa }}{\\pi }\\)</span></p>\n\n<p style=\"margin-left:18.0pt\"><span class=\"math-tex\">\\(\\mathop {\\lim }\\limits_{x \\to {{\\frac{\\pi }{2}}^ + }} \\,f(x) = \\mathop {\\lim }\\limits_{x \\to {{\\frac{\\pi }{2}}^ + }} \\left( {\\frac{\\lambda }{x}} \\right) = \\frac{{2\\lambda }}{\\pi }\\)</span></p>\n\n<p style=\"margin-left:40px\">(β)&nbsp; Θα πρέπει <span class=\"math-tex\">\\( k = 1.\\)</span></p>\n\n<p style=\"margin-left:40px\">(γ)&nbsp; Αρκεί&nbsp;<em> f</em> (0)=1 (και&nbsp; <em>κ</em>=1 από το ερώτημα (β)).</p>\n\n<p style=\"margin-left:40px\">(δ)&nbsp; Αφού <span class=\"math-tex\">\\(\\,f\\left( {\\frac{\\pi }{2}} \\right) = \\frac{{2\\lambda }}{\\pi }\\)</span>, θα πρέπει <span class=\"math-tex\">\\(\\,\\frac{2}{\\pi } = \\frac{{2\\lambda }}{\\pi }\\,\\,\\,\\)</span> ή <span class=\"math-tex\">\\( \\lambda = 1 \\)</span></p>\n','2014-03-20 18:01:34','2014-03-22 17:32:40'),(107,'<p>(α)&nbsp;&nbsp; Εξετάζουμε τα πλευρικά όρια&nbsp;<span class=\"math-tex\">\\(\\mathop {\\lim }\\limits_{x \\to {0^ + }} \\,f(x) \\)</span> και&nbsp; <span class=\"math-tex\">\\(\\mathop {\\lim }\\limits_{x \\to {0^ - }} \\,f(x)\\)</span>.&nbsp; Έχουμε</p>\n\n<p><span class=\"math-tex\">\\(\\mathop {\\lim }\\limits_{x \\to {0^ + }} \\,f(x)=\\mathop {\\lim }\\limits_{x \\to {0^ + }} \\,({a_1} + {b_1}\\,\\ell n\\,x) = {a_1} + {b_1}\\,\\mathop {\\lim }\\limits_{x \\to {0^ + }} \\,\\ell n{\\kern 1pt} {\\kern 1pt} x\\)</span></p>\n\n<p>και για να είναι αυτό το όριο ίσο με το&nbsp;&nbsp;<span class=\"math-tex\">\\(+\\infty \\)</span> θα πρέπει να είναι <em>b</em><sub>1</sub>&lt; 0 (και <em>a</em><sub>1</sub> οτιδήποτε) αφού <span class=\"math-tex\">\\(\\mathop {\\lim }\\limits_{x \\to {0^ + }} \\,\\ell n{\\kern 1pt} {\\kern 1pt} x = - \\infty\\)</span>&nbsp; .</p>\n\n<p>Επίσης</p>\n\n<p><span class=\"math-tex\">\\(\\mathop {\\lim }\\limits_{x \\to {0^ - }} \\,f(x)=\\mathop {\\lim }\\limits_{x \\to {0^ - }} \\,({a_2}\\,{e^{2x}} + \\frac{{{b_2}}}{x}) = {a_2} + {b_2}\\mathop {\\lim }\\limits_{x \\to {0^ - }} \\,\\frac{1}{x}\\)</span></p>\n\n<p>και για να είναι αυτό το όριο ίσο με το&nbsp;<span class=\"math-tex\">\\( +\\infty \\)</span> θα πρέπει να είναι <em>b</em><sub>2</sub> &lt; 0 (και <em>a</em><sub>2</sub> οτιδήποτε) αφού επίσης <span class=\"math-tex\">\\( \\mathop {\\lim }\\limits_{x \\to {0^ - }} \\frac{1}{x} = - \\infty \\)</span>.</p>\n\n<p>Τέλος το <em>c</em> μπορεί να είναι οτιδήποτε αφού στα όρια η τιμή της συνάρτησης στο συγκεκριμένο σημείο δεν επηρεάζει τη τιμή του ορίου. Συνοψίζοντας, έχουμε τις εξής συνθήκες:</p>\n\n<p>(α΄)&nbsp; <em>a</em><sub>1</sub>, <em>a</em><sub>2</sub>, και <em>c</em> οτιδήποτε, και&nbsp; <em>b</em><sub>1</sub> &lt; 0&nbsp; και <em>b</em><sub>2</sub> &lt; 0.</p>\n\n<p>(β)&nbsp; Εξετάζουμε τα πλευρικά όρια και έχουμε ότι</p>\n\n<p><span class=\"math-tex\">\\(\\mathop {\\lim }\\limits_{x \\to {0^ + }} \\,f(x)=\\mathop {\\lim }\\limits_{x \\to {0^ + }} \\,({a_1} + {b_1}\\,\\ell n\\,x)\\,\\)</span></p>\n\n<p>οπότε για να ισούται το όριο με πραγματικό αριθμό, θα πρέπει να έχουμε <em>b</em><sub>1</sub> = 0 αφού <span class=\"math-tex\">\\(\\mathop {\\lim }\\limits_{x \\to {0^ + }} \\,\\ell n{\\kern 1pt} {\\kern 1pt} x = - \\infty \\)</span>.</p>\n\n<p>Τότε&nbsp;&nbsp;<span class=\"math-tex\">\\(\\mathop {\\lim }\\limits_{x \\to {0^ + }} \\,f(x)= a_1\\)</span><sub> </sub>, οπότε θα πρέπει&nbsp; <em>a</em><sub>1</sub> = 4.</p>\n\n<p>Επίσης</p>\n\n<p><span class=\"math-tex\">\\(\\mathop {\\lim }\\limits_{x \\to {0^ - }} \\,f(x)=\\mathop {\\lim }\\limits_{x \\to {0^ - }} \\,({a_2}\\,{e^{2x}} + \\frac{{{b_2}}}{x})\\)</span></p>\n\n<p>οπότε για να ισούται το όριο με πραγματικό αριθμό, θα πρέπει να έχουμε <em>b</em><sub>2</sub> = 0 αφού&nbsp;<span class=\"math-tex\">\\( \\mathop {\\lim }\\limits_{x \\to {0^ - }} \\frac{1}{x} = - \\infty\\)</span> .</p>\n\n<p>Τότε&nbsp;&nbsp;<span class=\"math-tex\">\\(\\mathop {\\lim }\\limits_{x \\to {0^ - }} \\,f(x)= a_2\\)</span><sub> </sub>, οπότε θα πρέπει&nbsp; <em>a</em><sub>2</sub> = 4, με το <em>c</em> να είναι πάλι οτιδήποτε. Έτσι έχουμε τις συνθήκες:</p>\n\n<p>(β΄)&nbsp; <em>b</em><sub>1</sub> = 0, <em>b</em><sub>2</sub> = 0, και <em>a</em><sub>1</sub> = <em>a</em><sub>2</sub> = 4 και το <em>c</em> να είναι οτιδήποτε.</p>\n\n<p>(γ)&nbsp; Για να είναι η συνάρτηση συνεχής στο <em>x</em> = 0 πρέπει να υπάρχει το όριο της όταν&nbsp;<span class=\"math-tex\">\\( x \\to 0\\)</span> και επιπλέον να ισχύει&nbsp; <span class=\"math-tex\">\\(\\mathop {\\lim }\\limits_{x \\to 0} \\,f(x) = f(0)\\)</span>.</p>\n\n<p>Από το (β) βρήκαμε ότι για να υπάρχει το όριο πρέπει να έχουμε <em>b</em><sub>1</sub> = 0, <em>b</em><sub>2</sub> = 0, και <em>a</em><sub>1</sub> = <em>a</em><sub>2</sub>. Έτσι οι συνθήκες για αυτή τη περίπτωση είναι:</p>\n\n<p><em>(γ&#39;): b</em><sub>1</sub> = 0,&nbsp; <em>b</em><sub>2</sub> = 0, και&nbsp; <em>a</em><sub>1</sub> = <em>a</em><sub>2</sub> = <em>c</em>.</p>\n','2014-03-20 21:16:09','2014-03-22 17:33:14'),(108,'<p>Αν <span class=\"math-tex\">\\(\\left| x \\right| \\le 1\\)</span> τότε <span class=\"math-tex\">\\(f\\left( x \\right) = \\frac{1}{x}\\)</span> και <span class=\"math-tex\">\\(f\\left( {f\\left( x \\right)} \\right) = f\\left( {\\frac{1}{x}} \\right)\\)</span>.</p>\n\n<p>Ομως όταν <span class=\"math-tex\">\\(\\left| x \\right| > 1 \\)</span> τότε <span class=\"math-tex\">\\(\\left| {\\frac{1}{x}} \\right| < 1\\)</span>, οπότε <span class=\"math-tex\">\\(f\\left( {\\frac{1}{x}} \\right) = \\frac{1}{x}.\\)</span></p>\n\n<p>Επομένως, καταλήγουμε ότι :</p>\n\n<p><span class=\"math-tex\">\\(f\\left( {f\\left( x \\right)} \\right) = \\left\\{ {\\begin{array}{*{20}{c}}\n{x,\\,\\,\\,\\,|x| \\le 1}\\\\\n{\\frac{1}{x},\\,\\,\\,|x| > 1}\n\\end{array}} \\right.\\,\\,\\,\\, = f\\left( x \\right)\n\\)</span></p>\n','2014-03-21 21:20:13',NULL),(109,'<p>(α)&nbsp; Είναι φανερό ότι το πεδίο ορισμού&nbsp;<span class=\"math-tex\">\\( {{\\rm{D}}_{\\rm{f}}}\\)</span> της f &nbsp;είναι το σύνολο <span class=\"math-tex\">\\(\\mathbb{R}\\)</span><em>, </em>δηλαδή <span class=\"math-tex\">\\({{\\text{D}}_{\\text{f}}}=\\mathbb{R}\\)</span>.</p>\n\n<p style=\"margin-left:9.0pt\">Ακόμα</p>\n\n<p style=\"margin-left:9.0pt\"><span class=\"math-tex\">\\({{\\text{D}}_{g}}=\\text{ }\\!\\!\\{\\!\\!\\text{ }x\\in \\mathbb{R}:\\ \\,\\sqrt{\\text{16}-{{x}^{\\text{2}}}}\\,\\in \\mathbb{R}\\text{ }\\!\\!\\}\\!\\!\\text{ }=\\text{ }\\!\\!\\{\\!\\!\\text{ }x\\in \\mathbb{R}:\\ \\,\\text{16}-{{x}^{\\text{2}}}\\ge \\text{0}\\,\\text{ }\\!\\!\\}\\!\\!\\text{ }=\\text{ }\\!\\![\\!\\!\\text{ }-\\text{4},4]\\)</span></p>\n\n<p style=\"margin-left:9.0pt\">&nbsp;Επίσης</p>\n\n<p style=\"margin-left:9.0pt\"><span class=\"math-tex\">\\(\\begin{align}\n  & {{\\text{D}}_{gof}}=\\text{ }\\!\\!\\{\\!\\!\\text{ }x\\in {{\\text{D}}_{f}}:\\ f(x)=x+\\text{7}\\in {{\\text{D}}_{g}}=\\text{ }\\!\\![\\!\\!\\text{ }-\\text{4}\\text{,4 }\\!\\!]\\!\\!\\text{ }\\ \\text{ }\\!\\!\\}\\!\\!\\text{ }=\\text{ }\\!\\!\\{\\!\\!\\text{ }x\\in \\mathbb{R}:\\ \\,-\\text{4}\\le x+\\text{7}\\le \\text{4 }\\!\\!\\}\\!\\!\\text{ }= \\\\ \n & \\,\\,\\,\\,\\,\\,\\,\\,\\,=\\text{ }\\!\\!\\{\\!\\!\\text{ }x\\in \\mathbb{R}:\\ \\,-\\text{7}-\\text{4}\\le x+\\text{7}-\\text{7}\\le \\text{4}-\\text{7 }\\!\\!\\}\\!\\!\\text{ }=\\text{ }\\!\\![\\!\\!\\text{ }-\\text{11}\\text{,}\\,-\\text{3 }\\!\\!]\\!\\!\\text{ } \\\\ \n\\end{align}\n\\)</span></p>\n\n<p>Τέλος, η αναλυτική μορφή της&nbsp;&nbsp;<span class=\"math-tex\">\\(g\\circ f\\)</span> είναι ίση με:</p>\n\n<p><span class=\"math-tex\">\\(gof(x) = g(f(x)) = \\sqrt {{\\rm{16}} - {{{\\rm{(}}x + {\\rm{7)}}}^{\\rm{2}}}}  = \\sqrt {{\\rm{16}} - {x^{\\rm{2}}} - {\\rm{14}}x - {\\rm{49}}}  = \\sqrt { - {\\rm{33}} - {\\rm{14}}x - {x^{\\rm{2}}}} \n\\)</span></p>\n\n<p>(β)&nbsp; Είναι γνωστό ότι ο&nbsp;<span class=\"math-tex\">\\({\\rm{ln}}x\\)</span> ορίζεται για <span class=\"math-tex\">\\( x > 0\\)</span>, οπότε:</p>\n\n<p><span class=\"math-tex\">\\( {{\\text{D}}_{f}}=\\text{ }\\!\\!\\{\\!\\!\\text{ }x\\in \\mathbb{R}:\\,\\,x-\\text{1}>\\text{0}\\,\\text{ }\\!\\!\\}\\!\\!\\text{ }=\\text{(1}\\text{,}\\,+\\infty \\text{)}\\)</span></p>\n\n<p>Ακόμα</p>\n\n<p><span class=\"math-tex\">\\({{\\text{D}}_{g}}=\\text{ }\\!\\!\\{\\!\\!\\text{ }x\\in \\mathbb{R}:\\ \\,\\,\\sqrt{\\text{1}-x}\\,\\in \\mathbb{R}\\text{ }\\!\\!\\}\\!\\!\\text{ }=\\text{ }\\!\\!\\{\\!\\!\\text{ }x\\in \\mathbb{R}:\\,\\,\\,\\text{1}-x\\ge \\text{0}\\,\\text{ }\\!\\!\\}\\!\\!\\text{ }=\\text{(}-\\infty ,1]  \\)</span></p>\n\n<p>&nbsp;Επίσης:</p>\n\n<p><span class=\"math-tex\">\\(\\begin{align}\n  & {{\\text{D}}_{g\\circ f}}=\\text{ }\\!\\!\\{\\!\\!\\text{ }x\\in {{\\text{D}}_{f}}:\\ \\,\\,f(x)=\\text{ln(}x-\\text{1)}\\in {{\\text{D}}_{g}}=\\text{(}-\\infty \\text{,1 }\\!\\!]\\!\\!\\text{  }\\!\\!\\}\\!\\!\\text{ = }\\!\\!\\{\\!\\!\\text{ }x\\,\\in \\mathbb{R}:\\ \\,\\,x>\\text{1}\\,\\,\\,\\text{ }\\!\\!\\And\\!\\!\\text{ }\\,\\,\\,\\text{ln(}x-\\text{1)}\\le \\text{1 }\\!\\!\\}\\!\\!\\text{ } \\\\ \n & \\quad \\quad =\\text{ }\\!\\!\\{\\!\\!\\text{ }\\,\\,x\\,\\in \\mathbb{R}:\\ \\,\\,x>\\text{1}\\,\\,\\text{ }\\!\\!\\And\\!\\!\\text{ }\\,\\,x-\\text{1}\\le \\text{e}\\,\\,\\text{ }\\!\\!\\}\\!\\!\\text{ = }\\!\\!\\{\\!\\!\\text{ }\\,\\,x\\,\\in \\mathbb{R}:\\ \\,x>\\text{1}\\,\\,\\text{ }\\!\\!\\And\\!\\!\\text{ }\\,\\,x\\le \\text{1}+\\text{e}\\,\\,\\text{ }\\!\\!\\}\\!\\!\\text{ }=\\text{(1}\\text{,}\\,\\,\\text{1}+\\text{e }\\!\\!]\\!\\!\\text{ } \\\\ \n\\end{align}\n\\)</span></p>\n\n<p>Τέλος, η αναλυτική μορφή της&nbsp; g \\circ f είναι ίση με:</p>\n\n<p><span class=\"math-tex\">\\(    g \\circ f(x) = g(f(x)) = \\sqrt {{\\rm{1}} - {\\rm{ln(}}x - {\\rm{1)}}} \\)</span></p>\n\n<p>&nbsp;</p>\n\n<p style=\"margin-left:9.0pt\">&nbsp;</p>\n\n<p style=\"margin-left:9.0pt\">&nbsp;</p>\n','2014-03-23 15:33:21','2014-07-24 11:51:21'),(110,'<p>(α) <span style=\"font-size:12px\"><span class=\"math-tex\">\\(\\underset{x\\to \\text{1}}{\\mathop{\\text{lim}}}\\,\\frac{{{x}^{\\text{n}}}-\\text{1}}{{{x}^{\\text{m}}}-\\text{1}}=\\underset{\\text{x}\\to \\text{1}}{\\mathop{\\text{lim}}}\\,\\frac{{{\\text{(}{{x}^{\\text{n}}}-\\text{1)}}^{\\text{ }\\!\\!\'\\!\\!\\text{ }}}}{{{\\text{(}{{x}^{\\text{m}}}-\\text{1)}}^{\\text{ }\\!\\!\'\\!\\!\\text{ }}}}=\\underset{x\\to \\text{1}}{\\mathop{\\text{lim}}}\\,\\frac{\\text{n}{{x}^{\\text{n}-\\text{1}}}}{\\text{m}{{x}^{\\text{m}-\\text{1}}}}=\\frac{\\text{n}\\cdot \\text{1}}{\\text{m}\\cdot \\text{1}}=\\frac{\\text{n}}{\\text{m}} \\)</span></span></p>\n\n<p>(β)</p>\n\n<p><span class=\"math-tex\">\\( \\begin{align} & \\,\\underset{x\\to {{1}^{+}}}{\\mathop{\\lim }}\\,\\left( \\frac{1}{\\ln x}-\\frac{1}{x-1} \\right)=\\,\\underset{x\\to {{1}^{+}}}{\\mathop{\\lim }}\\,\\frac{x-1-\\ln x}{(x-1)\\,\\ln x}\\,=\\underset{x\\to {{1}^{+}}}{\\mathop{\\lim }}\\,\\frac{1-\\frac{1}{x}}{\\ln x+\\frac{x-1}{x}} \\\\ & =\\underset{x\\to {{1}^{+}}}{\\mathop{\\lim }}\\,\\frac{\\frac{1}{{{x}^{2}}}}{\\frac{1}{x}+\\frac{1}{{{x}^{2}}}}=\\frac{1}{1+1}=\\frac{1}{2} \\\\ \\end{align} \\)</span></p>\n\n<p>(γ) Έχουμε</p>\n\n<p><span class=\"math-tex\">\\(\\begin{align}\n  & \\underset{x\\to \\stackrel{\\scriptscriptstyle\\to}{\\leftarrow}{{0}^{+}}}{\\mathop{\\lim }}\\,(\\sin (x)\\ln (x))=\\underset{x\\to \\stackrel{\\scriptscriptstyle\\to}{\\leftarrow}{{0}^{+}}}{\\mathop{\\lim }}\\,\\frac{\\ln x}{\\frac{1}{\\sin x}}=\\underset{x\\to {{0}^{+}}}{\\mathop{\\lim }}\\,\\frac{(\\ln x)}{{{\\left( \\frac{1}{\\sin x} \\right)}^{\\prime }}} \\\\ \n & \\quad \\quad \\quad =\\underset{x\\to {{0}^{+}}}{\\mathop{\\lim }}\\,\\frac{\\frac{1}{x}}{-\\frac{1}{{{\\sin }^{2}}x}(\\sin x)}=\\underset{x\\to \\stackrel{\\scriptscriptstyle\\to}{\\leftarrow}{{0}^{+}}}{\\mathop{\\lim }}\\,\\frac{\\frac{1}{x}}{-\\frac{\\cos x}{{{\\sin }^{2}}x}} \\\\ \n & \\quad \\quad \\quad =-\\underset{x\\to \\stackrel{\\scriptscriptstyle\\to}{\\leftarrow}{{0}^{+}}}{\\mathop{\\lim }}\\,\\frac{{{\\sin }^{2}}x}{x\\cos x}=-\\underset{x\\to \\stackrel{\\scriptscriptstyle\\to}{\\leftarrow}{{0}^{+}}}{\\mathop{\\lim }}\\,\\frac{({{\\sin }^{2}}x)}{(x\\cos x)} \\\\ \n & \\quad \\quad \\quad =-\\underset{x\\to \\stackrel{\\scriptscriptstyle\\to}{\\leftarrow}{{0}^{+}}}{\\mathop{\\lim }}\\,\\frac{2\\sin (x)\\cos (x)}{\\cos (x)-x\\sin x}=-\\frac{0}{1-0}=0 \\\\ \n\\end{align}  \n\\)</span></p>\n\n<p>&nbsp;</p>\n','2014-03-24 16:08:27','2014-07-19 22:51:50'),(111,'<p style=\"margin-left: 36pt;\">(i) Χρησιμοποιώντας&nbsp; τον κανόνα της αλυσίδας (σελ. 78, τύποι&nbsp; 5.22-5.23), έχουμε:</p>\n\n<p style=\"margin-left: 36pt;\"><span class=\"math-tex\">\\(\\begin{align} & {f}\'\\text{(}x\\text{)}={{\\left( {{\\left( {{x}^{3}}+6x+7 \\right)}^{\\frac{1}{3}}} \\right)}^{\'}}=\\frac{1}{3}{{\\left( {{x}^{3}}+6x+7 \\right)}^{\\frac{1}{3}-1}}\\,\\,{{\\left( {{x}^{3}}+6x+7 \\right)}^{\'}}= \\\\ & \\,\\,\\,\\,\\,\\,\\,\\,\\,\\,\\,\\,\\,=\\frac{1}{3}\\frac{3{{x}^{2}}+6}{{{\\left( {{x}^{3}}+6x+7 \\right)}^{\\frac{2}{3}}}}>0\\,,\\quad \\,\\,\\,\\,\\,\\,\\,\\,\\,\\,\\forall x\\,\\in \\mathbb{R} \\\\ \\end{align} \\)</span></p>\n\n<p style=\"margin-left: 36pt;\">δηλαδή η συνάρτηση&nbsp; \\text{f} είναι αύξουσα στο διάστημα <span class=\"math-tex\">\\(\\left( -\\infty \\text{,}+\\infty \\right) \\)</span> και <span class=\"math-tex\">\\(f\\text{(2)}={{\\left( \\text{8}+\\text{12}+\\text{7} \\right)}^{\\frac{\\text{1}}{\\text{3}}}}=\\text{2}{{\\text{7}}^{\\frac{\\text{1}}{\\text{3}}}}=3\\)</span></p>\n\n<p style=\"margin-left: 36pt;\">(ii) Έχουμε&nbsp;<span class=\"math-tex\">\\( g(f(x))=x\\)</span> απ&rsquo; όπου&nbsp; <span class=\"math-tex\">\\({g}\'(f(x)){f}\'(x)=1\\)</span>, εφαρμόζοντας τον κανόνα της αλυσίδας (σελ. 78, τύποι&nbsp; 5.22-5.23)</p>\n\n<p style=\"margin-left: 40px;\">Αλλά <span class=\"math-tex\">\\({f}\'\\text{(2)}=\\frac{\\text{1}}{\\text{3}}\\cdot \\frac{\\text{18}}{\\text{9}}=\\frac{\\text{2}}{\\text{3}} \\)</span> και <span class=\"math-tex\">\\({g}\'(f(2)){f}\'(2)={g}\'(3){f}\'(2)=1\\)</span></p>\n\n<p style=\"margin-left: 40px;\">Άρα <span class=\"math-tex\">\\({g}\'\\text{(3)}=\\frac{\\text{3}}{\\text{2}}\\)</span>.</p>\n\n<p style=\"margin-left:36.0pt\">&nbsp;</p>\n','2014-03-25 11:05:42','2014-03-25 11:11:17'),(112,'<p>(α)&nbsp;&nbsp; Εχουμε ότι</p>\n\n<p style=\"margin-left:40px\">a) Δεν υπάρχει τέτοια τιμή του <em><span style=\"font-family:times new roman,times,serif\">x</span></em>.</p>\n\n<p style=\"margin-left:40px\">b) <span class=\"math-tex\">\\(x<0\\)</span></p>\n\n<p style=\"margin-left:40px\">c) Θα πρέπει <span class=\"math-tex\">\\({x^2} - x < 0 \\)</span> ή <span class=\"math-tex\">\\(x \\in \\left( {0,1} \\right)\\ \\)</span>.</p>\n\n<p style=\"margin-left:40px\">d) Θα πρέπει&nbsp;<span class=\"math-tex\">\\(\\frac{{3x - 1}}{{2x + 1}} < 0\\)</span> ή&nbsp;<span class=\"math-tex\">\\( \\left( {3x - 1} \\right)\\left( {2x + 1} \\right) < 0\\,\\)</span> ή <span class=\"math-tex\">\\( x \\in \\left( { - \\frac{1}{2},\\frac{1}{3}} \\right)\\)</span>. Ομως μας δίνεται ότι&nbsp;<span class=\"math-tex\">\\(\\,x \\in [0,1)\\,.\\)</span></p>\n\n<p style=\"margin-left:40px\">Συναληθεύοντας ότι <span class=\"math-tex\">\\(\\,x \\in \\left( { - \\frac{1}{2},\\frac{1}{3}} \\right) \\)</span>και&nbsp;<span class=\"math-tex\">\\(\\,x \\in [0,1)\\,\\)</span>, προκύπτει ότι <span class=\"math-tex\">\\(\\,x \\in [0,\\frac{1}{3})\\,.\\)</span></p>\n\n<p>(β)&nbsp;&nbsp; Εχουμε ότι:</p>\n\n<p><span class=\"math-tex\">\\(f(x) = \\frac{{\\left( {x - 3} \\right)\\left( {x + 1} \\right)}}{{2\\left( {x - 3} \\right)}} = \\frac{{\\left( {x + 1} \\right)}}{2} , \\)</span> οπότε <span class=\"math-tex\">\\( \\, \\underset { x\\to 3} {\\mathop{\\lim }}\\,f(x)=\\frac{4}{2}=2\\)</span></p>\n\n<p>&nbsp;&nbsp;&nbsp;&nbsp;&nbsp;&nbsp;&nbsp; Αφού <span class=\"math-tex\">\\(F\\left( 3 \\right)=2\\)</span>, η&nbsp; <span style=\"font-family:times new roman,times,serif\"><em><span class=\"math-tex\">\\(F \\)</span></em></span>&nbsp; είναι συνεχής στο <span class=\"math-tex\">\\({x_0} = 3\\)</span>.</p>\n','2014-03-25 18:31:58','2014-03-25 18:57:14'),(115,'<p>α)&nbsp;<span class=\"math-tex\">\\(\\underset{x\\to \\,+\\,\\,\\infty }{\\mathop{\\lim }}\\,\\frac{{{x}^{2}}}{{{e}^{x}}}=\\underset{x\\to +\\ \\infty }{\\mathop{\\lim }}\\,\\frac{({{x}^{2}})}{({{e}^{x}})}=\\underset{x\\to +\\ \\infty }{\\mathop{\\lim }}\\,\\frac{2x}{{{e}^{x}}}=\\underset{x\\to +\\ \\infty }{\\mathop{\\lim }}\\,\\frac{(2x)}{({{e}^{x}})}=\\underset{x\\to +\\ \\infty }{\\mathop{\\lim }}\\,\\frac{2}{{{e}^{x}}}=0\\)</span></p>\n\n<p>Η εφαρμογή του κανόνα D&rsquo; Hospital επιτρέπεται, επειδή έχουμε κάθε φορά απροσδιόριστη μορφή άπειρο δια άπειρο.</p>\n\n<p>Γενικά:</p>\n\n<p><span class=\"math-tex\">\\(\\begin{align}\n  & \\underset{x\\to \\,+\\ \\,\\infty }{\\mathop{\\lim }}\\,\\frac{{{x}^{n}}}{{{e}^{x}}}=\\underset{x\\to \\,+\\ \\,\\infty }{\\mathop{\\lim }}\\,\\left( \\frac{({{x}^{n}})}{({{e}^{x}})} \\right)=\\underset{x\\to \\,+\\,\\ \\infty }{\\mathop{\\lim }}\\,\\frac{n{{x}^{n-1}}}{{{e}^{x}}}=\\underset{x\\to \\,+\\,\\ \\infty }{\\mathop{\\lim }}\\,\\frac{(n{{x}^{n-1}})}{({{e}^{x}})}=\\underset{x\\to \\,+\\ \\,\\infty }{\\mathop{\\lim }}\\,\\frac{n(n-1){{x}^{n-2}}}{{{e}^{x}}} \\\\ \n & \\quad \\quad \\quad \\quad =\\underset{x\\to \\,+\\,\\ \\infty }{\\mathop{\\lim }}\\,\\frac{[n(n-1){{x}^{n-2}}]}{({{e}^{x}})}=...=\\underset{x\\to \\,+\\,\\ \\infty }{\\mathop{\\lim }}\\,\\frac{[n(n-1)...2x]}{({{e}^{x}})}=\\underset{x\\to \\,+\\ \\,\\infty }{\\mathop{\\lim }}\\,\\frac{n(n-1)...2.1}{{{e}^{x}}} \\\\ \n & \\quad \\quad \\quad \\quad =\\underset{x\\to \\,+\\,\\ \\infty }{\\mathop{\\lim }}\\,\\frac{n\\,!}{{{e}^{x}}}=n\\,!\\underset{x\\to \\,+\\ \\,\\infty }{\\mathop{\\lim }}\\,\\frac{1}{{{e}^{x}}}=n\\,!.0=0 \\\\ \n\\end{align}\n\\)</span></p>\n\n<p>β)&nbsp; Όμοια</p>\n\n<p><span class=\"math-tex\">\\(\\underset{x\\to \\,{{0}^{+}}}{\\mathop{\\lim }}\\,(x\\ln x)=\\underset{x\\to {{0}^{+}}}{\\mathop{\\lim }}\\,\\frac{\\ln x}{\\frac{1}{x}}=\\underset{x\\to {{0}^{+}}}{\\mathop{\\lim }}\\,\\frac{(\\ln x)}{\\left( \\frac{1}{x} \\right)}=\\underset{x\\to \\,{{0}^{+}}}{\\mathop{\\lim }}\\,\\frac{\\frac{1}{x}}{\\frac{-1}{{{x}^{2}}}}=\\underset{x\\to \\,{{0}^{+}}}{\\mathop{\\lim }}\\,(-x)=0  \\)</span>.</p>\n\n<p>Γενικά</p>\n\n<p><span class=\"math-tex\">\\(L=\\underset{x\\to {{0}^{+}}}{\\mathop{\\lim }}\\,({{x}^{\\alpha }}\\ln x)=\\underset{x\\to \\,{{0}^{+}}}{\\mathop{\\lim }}\\,\\frac{{{x}^{\\alpha }}\\ln \\left( {{x}^{-\\alpha }} \\right)}{-\\alpha }=-\\frac{1}{\\alpha }\\underset{x\\to {{0}^{+}}}{\\mathop{\\lim }}\\,\\frac{\\ln {{\\left( \\frac{1}{x} \\right)}^{\\alpha }}}{{{\\left( \\frac{1}{x} \\right)}^{\\alpha }}}\\)</span></p>\n\n<p>Θέτουμε <span class=\"math-tex\">\\({{\\left( \\frac{1}{x} \\right)}^{\\alpha }}=y\\)</span>. Επειδή <span class=\"math-tex\">\\(x\\to {{0}^{+}}  \\)</span> έχουμε <span class=\"math-tex\">\\(y\\to +\\ \\infty \\)</span>.</p>\n\n<p>Άρα:</p>\n\n<p><span class=\"math-tex\">\\(L=-\\frac{1}{\\alpha }\\underset{y\\to \\,+\\,\\infty }{\\mathop{\\lim }}\\,\\frac{\\ln y}{y}=-\\frac{1}{\\alpha }\\underset{y\\to \\,+\\,\\infty }{\\mathop{\\lim }}\\,\\frac{(\\ln y)}{(y)}=-\\frac{1}{\\alpha }\\underset{y\\to \\,+\\,\\infty }{\\mathop{\\lim }}\\,\\frac{1}{y}=-\\frac{1}{\\alpha }\\cdot 0=0\\)</span>.</p>\n\n<p>γ)</p>\n\n<p><span class=\"math-tex\">\\( \\begin{align}\n  & \\underset{x\\to \\stackrel{\\scriptscriptstyle\\to}{\\leftarrow}{{0}^{+}}}{\\mathop{\\lim }}\\,(\\sin (x)\\ln (x))=\\underset{x\\to \\stackrel{\\scriptscriptstyle\\to}{\\leftarrow}{{0}^{+}}}{\\mathop{\\lim }}\\,\\frac{\\ln x}{\\frac{1}{\\sin x}}=\\underset{x\\to {{0}^{+}}}{\\mathop{\\lim }}\\,\\frac{(\\ln x)}{{{\\left( \\frac{1}{\\sin x} \\right)}^{\\prime }}} \\\\ \n & \\quad \\quad \\quad =\\underset{x\\to {{0}^{+}}}{\\mathop{\\lim }}\\,\\frac{\\frac{1}{x}}{-\\frac{1}{{{\\sin }^{2}}x}(\\sin x)}=\\underset{x\\to \\stackrel{\\scriptscriptstyle\\to}{\\leftarrow}{{0}^{+}}}{\\mathop{\\lim }}\\,\\frac{\\frac{1}{x}}{-\\frac{\\cos x}{{{\\sin }^{2}}x}} \\\\ \n & \\quad \\quad \\quad =-\\underset{x\\to \\stackrel{\\scriptscriptstyle\\to}{\\leftarrow}{{0}^{+}}}{\\mathop{\\lim }}\\,\\frac{{{\\sin }^{2}}x}{x\\cos x}=-\\underset{x\\to \\stackrel{\\scriptscriptstyle\\to}{\\leftarrow}{{0}^{+}}}{\\mathop{\\lim }}\\,\\frac{({{\\sin }^{2}}x)}{(x\\cos x)} \\\\ \n & \\quad \\quad \\quad =-\\underset{x\\to \\stackrel{\\scriptscriptstyle\\to}{\\leftarrow}{{0}^{+}}}{\\mathop{\\lim }}\\,\\frac{2\\sin (x)\\cos (x)}{\\cos (x)-x\\sin x}=-\\frac{0}{1-0}=0 \\\\ \n\\end{align}  \n\\)</span></p>\n\n<p>&nbsp;</p>\n','2014-07-19 23:17:04',NULL),(127,'<p>abcde</p>\n','2014-11-02 17:50:44',NULL),(131,'<p>Παράδειγμα αρχείου &nbsp; &nbsp;</p>\n\n<p>&nbsp;</p>\n\n<p><span class=\"math-tex\">\\(f(x) = x^4/8 +15x + 3x^2\\)</span></p>\n','2015-03-24 23:39:27','2015-03-24 23:41:40');
/*!40000 ALTER TABLE `content_note` ENABLE KEYS */;
UNLOCK TABLES;

--
-- Table structure for table `doc_attachment`
--

DROP TABLE IF EXISTS `doc_attachment`;
/*!40101 SET @saved_cs_client     = @@character_set_client */;
/*!40101 SET character_set_client = utf8 */;
CREATE TABLE `doc_attachment` (
  `ID` bigint(20) NOT NULL AUTO_INCREMENT,
  `TITLE` varchar(255) NOT NULL,
  `DOC_ID` bigint(20) NOT NULL,
  `ATTACHMENT` longblob NOT NULL,
  PRIMARY KEY (`ID`),
  KEY `FK_jyc50ljk43icnen4xan1clbu3` (`DOC_ID`),
  CONSTRAINT `FK_jyc50ljk43icnen4xan1clbu3` FOREIGN KEY (`DOC_ID`) REFERENCES `document` (`ID`)
) ENGINE=InnoDB AUTO_INCREMENT=7 DEFAULT CHARSET=utf8;
/*!40101 SET character_set_client = @saved_cs_client */;

--
-- Dumping data for table `doc_attachment`
--

LOCK TABLES `doc_attachment` WRITE;
/*!40000 ALTER TABLE `doc_attachment` DISABLE KEYS */;
INSERT INTO `doc_attachment` VALUES (4,'Just a test',45,'pdf\0\0\0\0\0\0\0%PDF-1.4\r\n%\r\n1 0 obj\r\n<</Type/Catalog/Pages 2 0 R/Lang(el-GR) /StructTreeRoot 8 0 R/MarkInfo<</Marked true>>/OutputIntents[<</Type/OutputIntent/S/GTS_PDFA1/OutputConditionIdentifier(sRGB) /RegistryName(http://www.color.org) /Info(Creator: HP     Manufacturer:IEC    Model:sRGB) /DestOutputProfile 21 0 R>>] /Metadata 22 0 R>>\r\nendobj\r\n2 0 obj\r\n<</Type/Pages/Count 1/Kids[ 3 0 R] >>\r\nendobj\r\n3 0 obj\r\n<</Type/Page/Parent 2 0 R/Resources<</Font<</F1 5 0 R>>/ProcSet[/PDF/Text/ImageB/ImageC/ImageI] >>/MediaBox[ 0 0 595.32 841.92] /Contents 4 0 R/StructParents 0>>\r\nendobj\r\n4 0 obj\r\n<</Filter/FlateDecode/Length 232>>\r\nstream\r\nxAk1wCgL2i@<RAhz*<ziewK 7{3Ye>ar8?Ns,\ZU`A>jeagR$(\"hep|OZO0!ZXnjb\\9!Q$b=ɍ@rvR*x4c\"c\'k};__(1|b\n7b>\\`tP$xf2|%nUoB\r\nendstream\r\nendobj\r\n5 0 obj\r\n<</Type/Font/Subtype/TrueType/Name/F1/BaseFont/ABCDEE+Calibri/Encoding/WinAnsiEncoding/FontDescriptor 6 0 R/FirstChar 32/LastChar 117/Widths 18 0 R>>\r\nendobj\r\n6 0 obj\r\n<</Type/FontDescriptor/FontName/ABCDEE+Calibri/Flags 32/ItalicAngle 0/Ascent 750/Descent -250/CapHeight 750/AvgWidth 503/MaxWidth 1690/FontWeight 400/XHeight 250/StemV 50/FontBBox[ -476 -250 1214 750] /FontFile2 19 0 R>>\r\nendobj\r\n7 0 obj\r\n<</Author(\0 \0 \0 )/Creator(\0M\0i\0c\0r\0o\0s\0o\0f\0t\0\0 \0O\0f\0f\0i\0c\0e\0 \0W\0o\0r\0d\0 \02\00\00\07)/CreationDate(D:20131121121835) /ModDate(D:20131121121835) /Producer(\0M\0i\0c\0r\0o\0s\0o\0f\0t\0\0 \0O\0f\0f\0i\0c\0e\0 \0W\0o\0r\0d\0 \02\00\00\07)>>\r\nendobj\r\n8 0 obj\r\n<</Type/StructTreeRoot/ParentTree 9 0 R/K[ 10 0 R] /ParentTreeNextKey 1>>\r\nendobj\r\n9 0 obj\r\n<</Nums[ 0 12 0 R] >>\r\nendobj\r\n10 0 obj\r\n<</P 8 0 R/S/Sect/K[ 11 0 R 13 0 R 14 0 R 15 0 R 16 0 R 17 0 R] >>\r\nendobj\r\n11 0 obj\r\n<</P 10 0 R/S/P/K[ 0] /Pg 3 0 R>>\r\nendobj\r\n12 0 obj\r\n[ 11 0 R 13 0 R 14 0 R 15 0 R 16 0 R 17 0 R] \r\nendobj\r\n13 0 obj\r\n<</P 10 0 R/S/P/K[ 1] /Pg 3 0 R>>\r\nendobj\r\n14 0 obj\r\n<</P 10 0 R/S/P/K[ 2] /Pg 3 0 R>>\r\nendobj\r\n15 0 obj\r\n<</P 10 0 R/S/P/K[ 3] /Pg 3 0 R>>\r\nendobj\r\n16 0 obj\r\n<</P 10 0 R/S/P/K[ 4] /Pg 3 0 R>>\r\nendobj\r\n17 0 obj\r\n<</P 10 0 R/S/P/K[ 5] /Pg 3 0 R>>\r\nendobj\r\n18 0 obj\r\n[ 226 0 0 0 0 0 0 0 0 0 0 0 0 0 0 0 0 0 0 0 0 0 0 0 0 0 0 0 0 0 0 0 0 0 0 0 615 0 459 0 0 0 319 0 0 0 0 0 517 0 0 0 487 0 0 0 0 0 0 0 0 0 0 0 0 479 0 0 0 498 0 0 0 0 0 0 0 0 0 0 0 0 0 391 335 525] \r\nendobj\r\n19 0 obj\r\n<</Metadata 20 0 R/Filter/FlateDecode/Length 47407/Length1 89904>>\r\nstream\r\nx|	xSeM$M--I6@lMW(@@\ncŽ/#*i\0)(:88(}Γ_<}}scN4lrimI/cҺ}5ˊ\'ܺuIƖ3f.~c\'O-E]@/ϼ8Ϥڜ!:P}ؼtĘm[|2ώ{2VTʘ6rnE_]|G\"c	󚖶DϬG`|2c	umM-;k|d6W!ڶhyӍ|,mgv,YlO36\r.\\8\Z]1EM+ӿL}y7-jTflӾd>\0IU;Z>\0SL[um;-b\\}9KWvlp҈[`tijK\']rb4L\Z$fe91o&\Zksd?b%vLh%IȒf>3\ZvU`NC}o|ƶF)#EQ~K)ԓe~62Ϲ4)10D_~ֳ/M+;OMh?&r?K~ Ob?hoW<l俰gw>撓YٵjgɿZ&]KrIS=l/jg+g^#ooooo/y5CξvG^r\\W\Z/딲r6Mful[_S>j_JW[+>qEƜlڻ<o7L?U-	/$m8|a=$0h7~S.m?e3OkTO4jBqcJKcF\Z9 9R)8j1##zV#Key=A_cP7PI{`h:T~jQ-9%VO%\'Jrg50S/zzz荥O𐪫T	3ɨ)k+y,X~V[WYc)6FxKZ#fH#*᪐薘<6(5\'WחT+Q\nJz-|Ow־K{lNc4>(7R\\uaЖ3V!eL/\Z9\0ԦY:=驖Ef)RiB}C1d/$9d6F%gqNsz7YYYmq9Y};\re_6Z4ouA))<ֲA9(ԈAW>m:T\0k*jAGI56ksJ~yʺ\ZKJ[,@wǵ3,enjw%\ro}kJ^k0\0>QVZVFO3x%ܠrܼţarIeEGy깋bxJNi	9d%+UKƹ.}Ҧ\r\'eD9?5*t(SZzROiT`EaPsȒpraЌjRV1d=Vo{?^2Vz+ի%u(?RAlJ3]bYX5}\"9\n2x+kƽ\'*.ɏ,w7y=VOyWSO_眮nm҆[[?ʥ~khV+fw{E~~QV/I\\*i,nNE^^jbT%TA-gSը5Ùj3g=٬&!_))\rSw[iQgmC[WcrX<ȽcXPb^ɮSzl19OjOaC3(+MzzꓟwjHVLFdkƣX0\rv67)`z>V4\"n%:vDf\rP߉D!ؐ<~~A6;Nmj}ʃr\ZCԳvB\'I<&IoBϛjn`5[|i,p\Z_HW8)Òӌ`D6\ZķʑԦ\Zjp<\Z4G2\\\n/]U>4Sj+YN-4U4S}#,|Q٠cd+#7a崺Ofy1q5tnNe8jV]]W2ObX(BH튈!b)BbkX#j!V	RB%r!	T3hbX$B!bhbshEf!$D%L!f1]iB4Q/T!NZ!jb(DbBbB	Q*DB	P1Bb#!DBbC\"W!Bb9Bd1P,!2 DH\'DBxH\"Yn!	$D.!\"NX!bp\n.D6!BX,IBDaB/N\Z!d!$!,,xB	GF	_	!>	qXCB|*\'B|,GB|(?@xO8 ;B-[B)B.kBMW!,BIxQx^\nOO\nxTG\nW!%N!BBtbq\n]{wqw\nqq\nqۄ*!n&!n!:!\Z!*!6qWI˅LB\\*%Bt	q	qq\"\"\"\"\"\"\"\"\"\"\"\"\"\"\"\"\"\"BhhhhhhhhhTP1n̡~NJ7Iև@(h\rjU\"PR	hYD)ouPR1h	b*h!2DmDKAj!j&CDH4h՛IDӉ5M%B #%!&L4h\"QJ!Wh\\54<\\@D%DŔWDDTohQTr$^@O4hPj,(ZB4h5CMee\r  ONMҨT\"/Q\n5Lzn~DIDD.PDP<Q\\(a((N\"DD6ʳYEd&2Q((Dz\"](~2Hid2JDL%Gԫ)u;o)(!D_@_jAD(uѧ	dC}@Eާ{;%:Ht!zoIT5JPT_CS@!z&zOD/Q^ DY*d|I\'J>Nǈ=Jy=D ^*R&E3S\nbD;\'^Db凞; 6[n!F\ZBLtHtDQk)u\rDWQfjJ+(oDm$J^B..\"肐	t~9tѹ!\\sB\033g@QTo\rꐳ$ZAtreDK~&Q{ZB-Ah>k#G=K[Zd3&FDh3g3ӠQ\rz)\0RGTKTCTrAC	Be{O9UAH%q8d,9փBA!٠T.\nƄ~)5*dk\0$\Z)[(?d\ZՃl@C)/(7d\rC6e`B6leS,Ljl\0Q5֟(G)J6SdjCQ$D\"QQ|:ņA1DN\"(*ب(\"3J\Zd$#Dz\"RI\re\"1e[A}>-po`5%@H>`y#!yv\06o\0^^f>y࿘_1^9\"9\"~iS\'m\'Qhq1߷GGߛt?lp?dZ~д̽\0y\rU׺5so7w8};6VԹx{+蛁oD[7u]\\\\\r\\lD+ަȉ#\'/yȻi|<߽!8g{guܸεrݚu׽_\\XX}u`U`E`/h;/[.o_KA˹Ė[{˦e1#ء8!ӷog_9ؿl-?3$о}I`Eys[[sM3ȟ}Z!>0ՁՁIaʯL^?.P}\\`l~yCfDOlU:01=a.^<wpqi+璣-	)K&%g_/[^qYc߉,Vcfdk\'Fv*c+WxPuU1^_-NS*s;9G/Z%[,}oAqK;JRn}Q?jrm[YaQZL7M+F)Phdrqr&s[Aewq\\~+leoꮫ̬1ʠa (Vӂ,0mz}75ts.PVMq#K*&ևmے*Uݧh\"\r._ln.T˕TbT.CZZYO^T4{)ea۲;u3Xt.8뀵\Z`5\nX	\0ˀ@;X,g\0@0-@30h\Z,`&0L\Zz`*0\0u@-PTID\n\0T\n`0(ʀR(\0?PF\0À@ d\0 > \rH@\nx\07H\0q@,8``,@`L\"\0t.Z8l8\0	||>OO\0\0w77ׁ׀x\"<GYi)I	`?q1`({a!A`/\0v@~>^`;p;n.Nv6V`\0\\\\\\\\\\\r\\l\06KK.b\"B|Rq9?8sq9?8sq9?\08|\0>p\08|\0>p\08|\0>p\08|\0>p\0q9?8gs}q9>8g_\rfb)߻__l3{sg؝w,cϰW]]Lcv;{\'У:ɲ)w4}]4T뚥a\'?-^H\rS҅-;z:m46`3Y#k[X9-db5ypl3Qv-cYj^\ZN)yglVUl5[ֲu\nղ9J`=;+s۠*d9Ǫ].bd].:_.Q&|]~]ͮaa_n:zjma[ga٪*%a$g;\\6chFļUs#<81[1vel]ᑮ}I5\nϣR\\VhV֝60ߏRWzUM\'̍jJQ[L_n	weVu+4>پDmj6v;kqN8^|}OVԕnb;.lQ?Ca{e/{=O8=\ZWm~idOC=Ȟc/\'zA?Keg*7C}q@z/kL\nXȦ?xǰ|ngia%߀%~F2IH((*z]k}o.9s:A/\nrrrp nKpDIzCMɖ#\ryS$Ֆ7l9wH?IvIIscIuzo\\mìJqGYkNz5/N\\XޖI6bI67Q~DduI02bnV[Am3/qgFIm´˘r`4sdn*ՂÌ[	8#nc	}D#;-a6ND鄇1#qS(}:VxzP}B4xLe>)aɘ&}^ڔi\\>#wȈiwxs%\\{=\rwwG;]!=lc:S޾o:,{p^ý{mlI_vgJu|E~[u~6ym\'Ib4r&Ҭ}zsF~Ó0dJu=fv-z^MsHwu^#:u@,< 2$cUIQޚxxvv\n6+\n1L:VٶpK,]R8<;ŨJh0{)<V#9>.˫:\rL&[|tv%bˮ.M`+k&eݩхF㏵%);4I١IVOH /IzfK;u:w:M\'-m8+=}4\'m>)Vn\'\';s@E2v:3k畧ʛnZ<7zaOX5u҂GmV΂=q~-Ɣ*KontL\np\\\'%/W5fCUhE\rZ-nysDx7~Ęlv;\rhX*bt#qD#[/-i@7&StRkt\r=-T]s^9h+(.HEb𠴘VӓQ76TzKNNs䩽\ZM=51%|)._7.hI;Q1	Q\ZYg8I k(^MHe,0&C<x]*PGDjq~K}	懝|9RSع^i\rY.(JJoON*;5qkݡ!\n}b{pG|o-/(ɱ6N;{:yFo9)Zok6yzβz~:\nwo1>&mV}zkcDGc/#)=N4\Z],ѥ=jjĶ2͟p1woיt8~q8~ԣFw\ZoN@4lrR}GVXH]p{q=|hv2ۚ?{l $^d]p&N\r<{YzcdM-u_zMG]ҩ\'e)en!l4ofZSSn*<O?bb<_\'v܂[q=[1ݟx3\'-#+Kn{XuNoʝ:~Vۻ=R1V*b)z/ϗ\Z1GJs#{}]cre!UqD+{:DZR~:ȹΞ0Ԋ׌5,o\Z5ppwfțv܀Qj~>\"ctMn?+.kYf&eEFHrD$yb2F2F\r-k*amqV{͐LMH,E\"VnVL3Ƣ𨝮ȶbKc==(i6XΛ˦\\־aL0Hb$H_%OLW8}cˇG/2gMKF`%$\r޲J\rvO\\ۮ7,v~~ngKb#4%^ZrbsKlF!P~2?=bwqNl3᭕gk*O	+G8naĔ7Pt3HK3G2\'X5O\Z/<]4RxJ&4UiXN?T093Ϝ5SD3gTǋf47bCh-\Zu1cr.Z]	WT]Z=p̲篍<`tS`ѻkwҖbw%L&$iis&O+ϛ<ԅM	GfOJ&ٳ,(-.^dy~aÖ%j(!=9ˊR8K,uzݥgJ(;L02jڨ2M4w?99N&O_p&1MڣG\\3;y+s*`8ὗK^w g0Ò^>=x_y{\"Ǆmo7r]#FyՍW=cL$Iɕ+d;hb2ǬYl9eKoo*{BpśU^VIgW㫢p|US0oݩCR\\<\"Qe*7rC]׃kz#mnR!ه\nM;L)ᑟ&\Zm6ym-fE.mU9<dS\\L!+v&>#s򤙧|`JlB\rM-6fNP:ĕgԬI7\"éeYHV3	yT>Kl#mO]WwX/;%s̔QC*LNcUwPbk]]®dW>v~`Wj}ضxˢ\"b/jTê֌sZ^?cAy\'5k\Zkk용ayC.u\r-TWG]`;TC(ڟ6%;`ӧN:M#v?;(ߟJwz\n%4kKPDU	Il&6Y2(5,@Xut42F	C\0Fꄀչs;9+էyb\'D<|H/XŠM><a3/>gDO7,&aav{zPЀ`g+y`4nҹl&{,^__1\"d\\ܨ#Ǜ\Zcff\rTWRf!+Zv+_J/H7\r:^j9iХ:l֗+uO~r}VuH:c\ZONh:O_f\na3Qݜ>XVM[Ƨ\r3~\'̜e:8G$]]n?t͂5ۏCгs@c_@ѱC3]>ZuO=uTwL2&\"ooQKXt}o,:$&}n$\" C_cd`2P_`?~#V?,((+I5סY+k.byB>]%{1GXȡ*ƨNC?	a8t35g7JPeZ1[?8XݧZ6c\\=Y.㮽Yno֘Û6h44!O=?9W\ZZ v\ZGEE:íQseȡ&41n5vOמxcF<^<? !27ڎhR!4*q<ggks\rjW\'iq}muwO	7j=GAݚfiݫc%(<gC{m{	ҡCV=(ulD>Ѳq&A\rZ6W?:i!rΈV1\\c̵v_-kָitBCѸ`k\\SD.w>g]鮹~ǾuUk1\r4.& Q[y:ӥf	nѾUbN{?y#-`bjaqk$*a\r\\sC۵?[XA\rvV}_~#|,F|#Lh*J;_й[?gv$, ,by5ظ{])ZXok-(]jgΞq&Chkڶ[뎽~O\'D3Vui߾>3i	q4lT\Z\"I\r&ӫ}d0G`PhPl薑{m|\\;| Z6Q+^YFQeY_J]isD7nw}m?}-\"yȄCvc)QBM/egFmLFS`!4\"N|f&iȹMFު%hg̩ڼdZǝ֖pyT\Zjlᨑ UZnwB\rSdShBM<|@)QzCAFԷK\\wsl0pscw(|:$R-\n/\ZXa`CB3_׹v4{gf4	7I-4nlj۬Yl\Z۬Y(ck1|wal޾޸}rIz6\\&s wum/m9qơ&)TU-ꙭֈVMih6lӤitfV\0jD7Mc\"ȘMFlQmYIfv_m#}-~cK~ތ؞ֺ-0NfJך9vv:ך--+۩-ݿۿ/7۵F	(TpDW6RRmRi1&+h-6Z9J)o\nHϹMMD2Vԏ;PY Ho{o*>MpTpR}bc@QwdkF}`QUxCX@i?6y,~0<?v#cp\ZGmoמonC3a?Wj\Zq\r$̖v\0aή\"ҺlsNpX?6y,Z7-lc4|ho?vq i-,Կlq֏8zccs8Ǧ:q֏8zc=gX~Y?㼍K.nY\"Cd$汇OjLG\\9E_Js<6YLl;/Rptn9a^9y.DHdtt9.FDs,rjq*:1d󧓵^29#N昡g9Su.ks#Y8DmHZi#ZH]\'UX<ާ:OwͥzA\'C\'kQpiU?c־Sg]=f8畡vvם\ZYO8-f[,-9ouhW篯K\rZ;#v6\'B_鵫H\"1lNb$\'?NZ\\=~6_g˟o1g)gdY}<)cL2W4mj^sg\'.}mFKв}:v skLry0$\ZrNcڨ׺iDm4984q[\'k3ȤY<$m.rIڧԳo6f=kgiٖЭ*[Nm&SriGhښ=Jk<9Ym{/znY06瓵3U\'33]+EU{uh˫bLc^)ok\\Y={v9u\"D5YU[A5M׼4g9񎘦n\rQU3/G{eGlRjQL<V.nk6\ZUz%*S9ĕ1|8#+3#+HsMMuwMvONɚpbkbv&:2SҝىNwMrNJLsrp8s&SSY9ɮNudgRFVzJVvqsRJ;\'+%ۙtyDFɱT+.sR83;ŭu`=55cs\nw2NWӭ΃g+ʘ蚬u;e9ӌv%r&0y})gV\"sr1m^T߆\'Hk63tuJYi{aNR↧LIM̪]5oC]G\"&ߥNS/oH]8RXVbrJZb4gLo\'{0.7;ѭϱdhoڹ\\)qs&f:See۝٣S3fĥt=+3crVbYܓ2SIL`z،B;˙ 3LJsM\rёl\r뜜))u^˽+=)5\'YE3ٕ1rqBg5NBu:S&/Uzv҄?$yWZ\\}ŻjT$gHOH9Q)]wfOw%LIIͼkBe-蔜2)%fgάJoK(D=aV`L<!jix8GJi燄h_燆No;?,L;o=^=Ώ\rtUꍸJ-KjWE:řc#W%w!#>G;Nc8}1W.wN!M}D1Wę__#TCf,c}1>J/꣬NM#>0HK/j^3$Y,,keQ._n ,F>d)K /(̗-3,f.;dLܽf0.\'A/Kޘb$1Wc(Է*dH?	?Ua0YZo,Z~-a\rffk5\nk`jW,[5O%3q`4oL1$eE7ss瘍NP_OBv:EmR-vD6d\\@Zx(n)fALM>,Y,\n8wc\\xg/e5RfHvۍ.a7IvMI&nC-%[}pv\\x3{KeI\Z\0SB\rm	-fbka)aʭ3FMr8n/rrȽ%fa~K(گ72ay/8pS?\"V)Z9`2;pVt\0N쥥}{Kg6q2(M&ܘuWϵ}Md=@~wg\'IREY)D|j;]9E}*\"I;R2cc0!N9b F}$Iٙŋ.mwvv;PVom;;F\Z$$1@Jic5\Z0L8)6exK	iu3?ܫ厷ozS/	VNѪë=Sӻ9͖ۭZD޳GPgjz[=7Zۭw+z#״$J8|6j=7?}4zػj5m`5mV\r~6t=lOΩJnÍllÍkFĩm䜚4dQգGO?̨^~cݫcfdZ=uvSnpʸWi$mi,z|f)mΔSJ9<e+5֊]ծ]%O]8u,Z0jpZ津w}4iTKpZrjzIZi{O>\"}zM!2zgFg̬V[jzvBݵv9Y9g:g:g[?kY+f|ϯ}~jkBS27rnwJKu{sӆ{z;oܮ^Uo=Z_k3s7̍vf܊܃ nAi02ԟY$~0/K{,{$orwʡ+?][ڹzKW\\a^}ykk8t[fgl^sp͙ھo{덷}K^n혵9^^}ݧ|3d}sOn̆6\\m8gڍ6Mfoڽzsٛ\\EleĖ\r[J޺kwRL+WD=\r \ZBXhh(z \'\nO0x`deHI0E).\n  2 ,VCt3a2U<s`.̃<X+`%`3l\rTOǇ|\r8\n1(Pq.xxpdP\n\\U֊Vk=TuF\0?MIY#]Z\rk`-a=l`3l\r;.ރa]솽JrR:p+\'\rCO\r#EapRVvs,YCx@R!fl`A0+^2Ky0/%üda^2KyɬR2*%JɬR2*%JɬR2*Y< &BWE.,G.VkV!+<dCVx\nY!+<dqZ!Y(sP<w.U(#Ȁ22(7xq8Yp,8N3&0`;Ar^\npD@C(hII	͡V\Z@UJCq	3t+B	!\r} B?xG?<q`0d.`40qσ`!\0^%2yS6/j6/j6/j6/j6/j6/j6/j6/j6/j6/j6/j6/j6/j;\"O~B!TvAd&0(LFa2\nQd&0=c|ӋozM/7bRw~w~w~w~w~Zd\"{EX/Rx^r\Z}Fvݕdw%]IvWݕdw}>Iv$O\'....................\n\n\n\n\n\n\n\n\n\n\n\n\n\nY:\\!d@&d@&dH<{=/bh[vzفoV⛕f%YoV⛕f%YoV⛕fH(&AVJXfo,bِ,#K<,#K<,#K<,ZVQ-UT*eղjYEZVQ-UdMnx\nkb&D(CehM24Q&D(!H<POP? -*>}|>CߡG@}\\DEq}\\DEq}\\DDM-TK$\ZƠ\ZW1C1ep3\\1ep3\\1ep3\\OmVR[+JjksEYA4V\\Sc˩rjl95hUD{\"=\'2D&|\"OdL>\'2U&yw;H$wɻu{V\Zx:x	6-vx߅};a|\0C{ce+MO3(a/\'|`?/ !]BtQ.\nE!(D]BtQ(NPwܗ)8MY(sPY\\,{MhJFS2єd4%)MhJFS2]Cǡq8y =82222stG\nُ)d?R~H!B#G\nُ~2H2#eG؏)c?R~H^{z/Sei\'%D%%R\\!Bxa1KezU9-rX+a+QlWGS+J5*XXT-xK5R\\[-xu|_)W2|Jd%o:?:?:?:?:?:?2?2?2?2?2?Q3IT`\'QNDu*u:RF)QGJ NaAl8\"\n9ۜmN6qӸi4ns\Z9ۜmN3WW2*QeT.r˨\\F2*W\"V)Q]x.<jڅGvQ;xi޴oZ7ÛMux:i޴oZ7UMxS%T7UM\\esYUf9W\\esYUf9W\\esYUf9u:jaΰZg\0o*\n\0XX_~/@h\0_|\Z/h\"\Z/ȌCd!4~AG4~AG4~AGȢԯ1Iɤd~2i(FhMb4]t1.Fh9gxY<,sV\Z/i$zjZ;IJ)\\~:̀0f\'/yW_^EUyVJX&Wa\ru6\ral-vxޅ?{>쀝>!c{c\ngP\0^e5ZkǵZqwpwpwpwpw9#sT8GQsT8Q(q8se\'N8\n9A pc81r9ASxT\\(5p\"\\(5p\"\\(54c)αXs,9cX|~,>?+(EX/Rx^<vaU\Zl-vXu:qøa\\0s9u:qøa\\0swوl]6.K9R.K9R.K9R|||||d,Y8KΒdllllllllllllllllllll_S^eYC!{dN~\'Yi)¨=\rO+iT瞆gu\\/Pn8/\rDG7\n >*>*>*^u.d!_A]AFWdt/Y]HVՅdu!Y]޿	{%\nT+bWPŮ]A*vU\nTǖc$=f{*U1\\W5|])aQFd*{9L%/Ϭ]Ŭ]Ŭ]Ŭ]Ŭ]Ŭ]ڭGOP#&_f6W/`>ʅ^Pa3cy01<fa3QݫUT*{ս^%ʹ;w\\B.ZQET\"uպj]D.ZQSSSSSSSSSSϨB>I>I>I>I>I>I>I>I>)e=t :C\r /xc0\00:d.`40qσ`!\0^%2yjaU\Zo^a\ru6\ral-vxޅ?{>쀝>%B8Ja̭\rO oܧ*+_.T́TX*a,~L?J\Zkf+ߒߒߒߒRbZTXV,U+KՊjRbZT~T~Ƿ@\0	ғ0\0#%f0Jbf`1%\"ڰ@8\r/h1W~q/SejL͗25_|/SejU\Z.pp\\5\\AuChDK&ZV%Ѫ$ZDhU:\\nRKۥRv)uuuuu2-uuuuuuuuuuuuu^qW\\+xu:^qW\\Vc~&]B)\nB)\nB	t-@K\'	t-@K\'	t-@K\'}56G_ѯWp+8\n~G_ѯ7q8uV*+w]e宰rWX+V\n.߬ɬɬz5{Wop[-\\~WŮ]S1b{b[Ltn15B?!O\'DG$D\"UDHxHxHxs2;9UT}]&2\"3L 2\"3p}A!(s@;\'	s@;~G;u	h\0\Z:h\0\Z:h\0\Z:P5\ZFCh\Z\rUk1;NdD;NdD;.^U>@C844\rCC8:Ͻa\rka\ral|\n`;{>쀝>!|?(;㓃hk[{ݮvjk=l[MkZkݧ*x*ŒҊJRDJl0 B	d1da}2(.}Э}k珏r~?l8ޯKQ#m穉Vj֋mvP@;iR=b\"uI~ꦗWaB&TaB&TaB&TaB&TaB&TIo^j륶^j륶^jHmvKmvKmYYYYWsS?Lb1c)S?Lh1cD?&Lh1Z\n\n\n\n(\"sѕ5N5]CZ1r;ϺCUп2wݡlwݡv>lwݡƸ\n\n\n\n\n\np>۞a;gC}vs!CLf1b=ĴO3[@\rѣ=jУ=jУny9,CeA!2;o6{sJW\\e\'}ic{?C)%\r%q%};D!O!O!O!O!O!~4ً&{M˦el_6/M˦߻xmV<Ϻĳ.K<Ϻĳ.v[4NSB?]?޹kOv4&.w	K]x%.w	»!»!»?ENPLTLTLTLTL{c-¹E8ܢ?U_/q8KfJ[s+qn%έĹ8VJ[s+qn(zl¹M8	6&ۄs8ׁs8ׁs8ׁs8ׁs8ׁsԆ]`+\nv]U]U]U]U]U]v=]`#v=]`#v=]+kv-ص\0`Z]kv-صbBZ]+kvص=v]]w`>]-Ղ]-Ղ]-Ղ]-U]5U]5U]5U]5U]5U]5Ղ]+ZZk9v-ǮصcrZ]˱ZZZZZjjMu0>5cӅt!.ǥGXtu	2TX\nPa*,C]4NSP!\n)THB\nD\'Q!\n)THB\nRB*P!\n)THsTkޓ\nsPa*A90T\nsP!D:TC:TC:TCBTQ!DBTQ!DBTQ!DPPP!DBTQ!DBTQ!DBTQsߠoP!DBTQ!DBTQ!DBTQ!DPPPPPPBTQBTQ!DTP!@\0T럡OOOOO?Zl;럽ҋ ҋ dCuA!:Y dC\ZAV#jY d5F\ZAAzGzGzGzGzGfiFfiFfyAAgyAނ @ ȹr.|A\Z҈ ҈ ҈ \'AAFiDFiDA\"ZY kd-EFiDFiDFiDFiDFiDF{6ن\"Pdj\ZEdx2o2M7&Sd꣦>j꣦>j<Mɴ7&dڛL{io2Mɴ7݆Caͧ=I+ϫtԛzQo:MG7tԛzSQo\nL)0`3t;ӭ&ba\"v&ba\"v&ba\"v&D6f\"LvӰ4l7\rMvӐ7\ryӐ7\ry-$w}OrI>\'$wKKKn-%wN딾N딾N딾N딾N딾N딼E=EBZDi	=FKi=Nմ\'iJ=E_j5T?/؇`}/H#{st}Uѷ[7Ynndݺɺuu&M֭[7YnndݺB7H	 $xo\rA7H	`zк$7Hr$7Hr$7Hr$7Hr$7Hr$7D\nT&}{܁K#C?\04Io5[MVSp5,j\rZâְ5,j\rZâְ5,j\rZâְ5,jrf&gəarfXâְ5,j\rZâְ5,j\rZâְ5,j\rZâְ_X~a\rZâְ5,j\rZâְ5,j\rZâְ5,j\rZât)aJgt)aJgt)aJgְ5,jZgXâְ5,j\rŦw]lzŦwmzwݦwezw]wezw]wezwgMo5Zϖ]&x	ew]&x]oכֳYֳYֳYֳYֳYֳYֳYֳYֳYֳYֳYֳֳֳֳֳֳֳֳֳֳp\'*LG0tT\nQa:*LGEg+ M9t.Gt]HE	$}>MC%,}>OK_/җR*J\nwW*:MRt\rMk/Ys*FYoXw/^eݽĺfGw_A3h&}f4~o\ZMCi7\r4~ow)i]j]j]j]jgggggggW|\"ZLK1ZJq=I+Vү)U4VSzZK:zoi5P6&?GFLL\"laEب\"X.b@\"mO6{]=(@Ir\'\\\'M|$D9Yd\"sȜE,2g9Yd΢r?*r?*r?*SI4NqhD$\Z\'8I4NqὨDn;hͤY/}ێێێhَhَg\\`֎`֎`֎`֎`֎`֎\\t#aDJ!R\nRB\")H)DJ!R\nR\"%)HIDJ\"RhD$\Z%(>9ɡO}rC\'7\'xzK~}g}g}g}g}\'>=Ӄ>=Ӄ>=Ӄ>=Ӄ>=c3&9c3E]K7Fj67/ܳLgtMgtMgtMgtMgtMgtMfF$S;%S;%𙛘4Ǥ9&1iI9zEqt\\:NtNtNy:}N\'u:INtR:N\'u:INtҚtĚtĚtĚtĚtĚTxQ	xT$ &1	I@Lb$ &$`UJV-s`̕R0rw\"\'}\ngKn__w%7=L~[\"#Iڑ$Hv$I;IҎ$iG#Iڑ$9`I&9`)8`?鵸.nzz(80ā!q`h=QJ57z.r|T*|?*Q\nFT0`D#*Q\nFT0UWA^yUmzM﷩&v{杪٦m٦m٦f@5wOO7+)7ωTy(_~ٯ?gQ.rʔ*SL2ʔ*SL2ʔ*SL2T$)R%{$ϕv]aW~ؕOPrCDƏ})~?52>r~#qG\\?׏~#Խu{Nȣ}Jf}j$?L3*>5i?O</f>(V>\\\np+\np+\n)=Ճ^=Ճ^=Ճ^=Ѓ=Ѓ=ϟ7lmB/NEFicu0ōnnts+*H~ 7*qog6ANз0KS\n;ƒ\"KQQQ}}YWvgFG?7RWj諠1HLGb:ӑt$#1cJ$ULyT/)|.31g<cx3jTs@WWWI_______ҪJ*V+Kce鱲XYz,=V+KG\':ѩ:ѩ:9׉:_\'~8N&Δr],ę2Qέ3=3\"}t?Џi.=@?g­np[-j9?b܊q+ƭb܊q+ƭb܊q+ƭ_ռZġEZġEZĝ9ܙÝ9ܙÝ9qrv9zXrv<9z%o(3__3]?/i|PEHtO?9cKOm={vtx^ϫyWS>S>S2\r=cc#QRxOa:*UPJTR*TA\n*UPyF3zg<sU\nßfsjh\'VjݴRnzz\nB\n94ȡphC#*!ơC:ġC:ġCs(Ρ8zk2NSq\n.0\'pJm::\n]d`:&	c`:&	c`:>&_?4Pta\Z88R咫]uxC[z[tKޒD(MDN\\	LeB/z˄^&2	LA}<>ǃxPA}<ԿwPA;ԿwPnޑp\"D\rݐ\rݐ~0P<*O<*O<>SO>곪Ϫ>R<\"#\\r!˅,\\r!˅,\\r!˅,\\9Os!ͅ4^ 0ȅA.JKG]Q˧PjDR4\"WJUR}T_*WJ~7~7~7A\roP}T[UYUYUYUYUYUYUY5տTijI[\'uw5c+D3n}fleh0jĎ%%GJDy_TQ/EտU_Tǻ+\\Eg9:;keq5βY8\ZgY,ke.v񰋇]<a;yNv3ĝaaava+Txx\nx^Sx8EAV򰉇<ͿkG!kU^ZתV*UykU^;G>֝Qi~o8jzEa{~+ƪH\'/R	M~_C*]*]*]U*]U*]U.ֵ*]ҵ*]ҵ*]ҵ*]ҵ*]ҵ*]ҵ\r}*:NET>TDsyyyyyz&4I%M*iҳ4Y%*iVIJUҬf4Y%*iVIJ^Uɫ*yU%U_=|ߧݪ;7\\V\\sǪZz?\'{^|Nrb \'91ȉANr@.tp\\B1s:.tp\\B:.tp͇|͇|͇D#He\"Wţ!k0Cy(OЅ18]DOҧ7t1]B\"}.˨L_4\nǣbZBRZFS5-\'IZA5~EOQm_״h\r^95fz5;Vjm~;p03p03p03p03p03p03p03p03p03p03>ʣbZBRZFS5ّp0,r0,r0,r0,sq0sq8x8xsA-pP<\r\r9\Zr4hѐ!GC\r9\Zr4hѐ!GC\r9\Zr4hѐ!GC\r9\Zr4hѐ!GC\r9\Zr4hѐ!GCE!)U3O?as|0Ǉ9>as|0Ǉ9>as|0Ǉ9>a;8x98x/{9ѽݍwdJ8*i@t\";.fd+Y犬sEֹ:W^tJ䌢NnmT۟:c:c:co[mEoSmvzFwѻ=mEQt&__L\08WUu\ZLҝ=zG=ڣG{hѣ=zGў`>!	NHuBRT\'6Fm=GFLM:R3m7$3ӭA[G?s$ΒK6\"Y\\U9$yOI\'#o/9`N#WKO%TJQO*i<J:Iw{F3}4OEgh^MdT]!ͦG4l+XǊ8Vı\"qcE+XǊ8Vı\"qcE+XǊ8Vı\"qcE+?_7q_+\\f\'7;Nnvrfx50͐!7Cnr3f͐a]I_4W54;w4&{2rxÃ SP*$ï*O^UrKH?)H7ztg.\'aIx6\'aIx6\'aI#8kGy#Ow<ݑ;tGvG~ǑowwF<stx5=sg\\yg^\\-k]%k]%k]%k]%k]%k]SvNY)k;em픵SvYkYkYkYkYk\"W[j\\m-r^zZ/Wj\\r^zZ/W[2iLe\Z/x4^r.\'w9]Nrr.\'w9]Nrr.\'w9]Nrr\\Q}4Ej?0l?0b?0b?0b?0b?0b?~ k?d(@J\'P:ұqf,rXn#WZZZZZZZkZkZ%t-k	]KZBе%t-aZz|V^^^nnnnnn|oh;wD+߉G[xx;bW7uq^!mH_/iE\"mH_/iE\"mH_/iE\"mH_/iE\"mH_/iEz_Q|\"ZLK1ZJq=I+Vү)U4VSykhΐԌf$5#;DISē8\Zp4hрG\r8\Zp4hрG\r8\Zp4hрG\r8\Zp4hрG\r8\Zp4hрG-|eрG\r8\Zp4hрG\r8\Zp4hрG\r8\Zp4h\0BG}(jW>M{`=0iL{`U}>`Li0},A:>DMs\\:>B>FI}.K3Y}@_/ѥtUЗ+t9}&i_N3u~Hn~͡׿mhhh ͣbZBRZFS5-\'IZA5~EOQ-״h\rmowH%ISQpk]{(k4]tu@H: ]t\Z\Z\Z\Z\Z{YF2ҕte+#]HWF2U&]eU&]eU&]eU&]eU&]eU&]eU&]eU&]eU&]eU&]eU&]eU&]eU&]eU&]eU&]eU&]eU&]eU&]eU&]eU&]eҕte+#]_ͧ+sUTJTJTJTJTJTJTJTJTJTJTJTJTJ5NI8\Z\']㎑PB\n+[c<JD&KWLbtŤ+&]1IWLbVjVjVjVjVjEt5KWt5KWt5KWt5KWt5[ujNmթ:UVڪS[ujNmթx=CSg4~^ɨ<Ji-%-e8UrzTC+W*z~MP}\"s|?7:=p{8p=p8>q}p8$9~sp?9o~o-7r[n~o-7r[n~o-7r[n~o-7r[n~o-7r[n~o3}O*RT$\")IHJER*RT$\")IHJER*R:GW~\Z^<67\0[UZUZUZUZUZ(sv9;ʜeΎ2gGQ(sv9;ʜeΎ2gGQ(sv9;ʜeΎ2gGQ(sv9;ʜeΎ2gGQ(sv9;ʜeΎ2gGQ+PB\n+VjVjVj6j6j6j6j6j6jt+%])JIWJRҕ]f~ϷVjm*72x\rŗo-r֒+i7Uc*YHGN,>/*>NХ]mŗwK~G#\'{Gxtu;bsv_~4~<OܑYGfpTQ	5|X\rm}#\\vW(\'\r\nc+=~{G9uslG\rws7;wܹovar!.\\^[2P#ٱ6;Ӧs98z)4snu)wk?s:W>{\"FǾo6g3}5\r9gmqo;ӷ$gzșpSg8rFG;#NSmUnơOC[hz/򱁟\"=oWdY.A&nxI3Er-Wz4=?:߶tr~mwζٶ;ۦ7䱾<znu\\slaǾc;α\'r|s7-kK͑-g_l:c?{k^xuz빇}_LG|*GY=zGgz#J7r\\|gft#߾Z|o>)Wa隩ѽ=;ˏ\'d|WaG9?0C;oݍL 4{#(?_=KO~_EJ]~j]A4oˏxg(T#9	yDYFe*ػ\\(p?Wݞ#qgL9B<˨B4BQDA\Z$ \nB Njۈs HB$2y dT\n$dr~z3쳇;\\392^ЗubvPY&bCW.hvNRI\n;IA\'1ݎ,Ȓ,ڳR.+5:j\nEP\n%P\n%遜;YU%?.@0V*`V*`VJ ]`)UZ*ʙ*W`5kAs-=<\06[*fT1R\"u!R\"u-$HψeӖe_,3g1sbvKb[{}K*Z#̹uZ`=޵A~4k\0+됰	]>˰^F*${L4}	KTe[\r-X4kz_a-3Ґ^3kq)+^vX#plKx˃:^Gcv\\.OoIYtF&jy><h\\cJ^V}\Zw7WJ;6]<y+UA]p҇`0sq?)_~hC=%<\\C\ZGa8k3{q.*Ex<y%dσ|2V$jp]H/*vFkHy\r))9$m]\ZVMa+zUX5UªX5USXծUVJWY*ԲJ%TJ%+\\!0GnYFr^!Ax8\nz<u/T}@t Sϕx̢_#sxAX\"/od!ϋ@~Y^%r_YSTjPG;:pS<j,h\0	>gPxXSxA禎U	Z/sby^s$<v]p\rt~^tW<~c&4M/EKqu/}Z5G?0BS#yF#<@Osg_8CsryVqTJ%t	t8<|Á.|ÁrO2Ѯ:n.\Z_2`>dh\r2v\\Ǝib2]fRvVn#QS&)zgUWUHHnQ˛#q+#y#!y\ZEڟ6IӐ0;\"Y<g[3앇؁$NrY*\"q*\'qgE/$EX$h+(i&iZ!M!%x=<G9c\nָx*)2)=.鲑.2...$FlND)	b$8EA8 .:(- Cd*c\Z^ޫsrɋ6m q\\/Oc_7cpp<g޶:\nG\'Ip\ntӇe\"`x(+\nR&b4l|)ȗ\"zVzs;	Nq֬R\nV`pVqX*vVylUb(Q]-EȱtΉB#f<.H7M{MYo8;<O{crYnqf;9N>f\'u	x]sG\'AĎnu	(,}ŵ#o۸۸6\rk	q66=+\\Mhu6\rk`4?͏Gxv\r\\\rkpm0\\UaqXY6\r:86\rJµ30Z~-&pm0&\\Ik`v:ce;ޥµmڶpm<\\]z/bEXGB^KXOb\",b,b\\r1Xn=jZVj1Xm:VۅbZVۈbZVۍvcv`J,vec,bV֊Z1X+kZ1X4ڈbAukEa(CXk=ZcX+\ZkEa(֊ZQXk\Z֚v`(Zb(>Z\'V>ZX+kkZQX+͆FQ`4y?2wX*\0KR:l)IX)+}2%Dv\"<y8+X2؅6ce,NaEld|b?	-I<DCJ3[tGD|$9G\"M3i<*Y%Ui~QPIS݀<ɩڀy\Z:OCש9=ǢXm*@8}sr#@4\rmDCǐuP\\[+\"}+OGpd\n\"8?`	F`Ռ\\Ǩd\r\'b歬t|z=LzoV}[<:ޕd)Uإ\Z\\\'쬱.W,b9!JJ\\zҫ<8Lg\'Š(רBju&MgT{Fu)xy6Ie;*\\`Vhe*Y~n7s&s&[Z)dBf,R,rYJe,J)w@C>wԟ8\\y?up_)=@WoZyF3{.gt:ӅdPK:8Պ:3k/xVl2Y35^SO2y{ywj1va>?	Ϣ&5?Cה)gLc\\uU)+]f\\)Jg;+-֒q#rZ˺2{9:bRx\\k-߸ZRxF?m?BKFg2z;3a$q[,qEWd3\nɿb>[VNgt+$jqF]AtF\\aǁJⷊs\Z\\\'mVs\rD*+>d 5Zxa[9\0=C=g\no$.w\rK]BjzVӳUe!u\r4Awx+`\"V\n;`2x̇`\"V)A&ݿ;͘m\rV(/bЛ]mA/70 <i0r5k\\fB5A<^d>d]nWAt7kڂWZk?Zmܥt3;nG<wZ#VH4nYش-2WcJVIasX1UVʓg^/A/anf畷Y\n{)b%XLX,w;!f:Lט*l[Lg̭,\\B|F2:UveיymA/n.Z:q2W|Iw19|ziW*Ɖ3\"B_2V [o9 \\Cq\0uޠjEn0\0`0{}`0?<\0ƀX~ƃ#Q0L`hcчzq\'I\Z48t-uh2\Zx6\'z>/x<\n& \0<&q0<\rf/hK4R,_%eI,`%!>\"	|6-o`+lbA	 Ps 	$;N?vQ	@5;l;D;E#4n)p̀́#l=,G0=G|0_t0F\"]UX\rk.xւ(Qz;[ΖOVvmeg[VQĵz[VnN6\0_7/[W	l߁-o`+l?  vHN9QSTnIGM>_@\\b%TO	J^謒7d9ix7U\"xHxzgc6z`Q,E=X	:HI#R҈4\"%HI#R҈4\"%HI#RҰ~+7}wl=O @\"UxBj!^\ZGţQcx;GQx;GQx;eu1Af`1Af`1Af}>xXB,%b	XB,%b	XB,%b	hvKxKxK?Ż[-x{*****퀳pv8g;l퀳pv8g;l퀳pv8g;l퀳pv8g;l퀳pv8g;l6&q>#:\0gΊ8+pVDrVDrVDrVDrVD\Z1ݠ3@	rA`(0c;:HDO$\'Z=jf6G2({>=Oޱ^R!\\]&Ή6Dz!T\nLC7\"ڻYW\"\'D#4n)p̀A= 3\"8~x\"XL/9 T%eb+\n-\r`-XG>K/~Roi3 Ă8@\"8΁$ [L9 \\5T*P\rjEwq\0uNGGGGGGGGGGgܡ5-A+Zo>dt/z1nL	@aLOi`3+!ciO+>c%#xjXCh|>?\rS*I9Kҟy/ʇE_%DI\'A k[!~@[!=Ae9ǼTY|D5e^r>*GkD#4n)p̀Aq8p;w3\0ID!DH$I$BV!DH$ID!DH$ID!DH$I BZ!-O\"H$<O\"	ր;]xꏋY!h$\Z@!hro#|	_o_`[6׷pDN	~nQzQJpp\'I`f3 Ă8@\"8΁$3&8xc\ZHLp\\@%ӹn:pSDn HDn HDn HADnDADnDADnB!DnB!DnBDn(JDnB!Dn1Y]p/ۗKoyx_K+UV JG:x	V-\rZ1Xփ*~Q_Eԯ\"WU.{^\0850ȿN@·a0`}0L3fBNYރYރYa`)6,Q~u/VG.uLT:Xf5SrS}P\r˘pJD?QOD?QODA zh=H$ZyQD^EEyQDQ4QM4\raDCF4\raDCF4\raDCF9x}^9x}ӛUIeY꜎RIN\'prN[`\rxZ𡶳Ifn&Ifc{p=v;c{p=v40\rLDD40=v;c{p=v;Zf=v;c{p=v;c{h;\0m\0v\0@h;\0m\0\0;Z{p=v&Vx+\nob7w&My|y|y|y|y|lDFh!OaOru~U&W܅ebECCFCC}C4000000}@_\'S$L$L$L$L$L$L$L$L$L$L$L{jT{N=\'՞jIsR9T{N=\'T{sRͥڛK7zSMכ_*T|:Pu@ׁ_N/їKx%<}WzU<Ɓ8cxq1<Ɓ8SxxxT}T}T}T}T}T}T}T}T}T}T}x#xe2o5Tڵz2o[R46F1h@SO3V*d8j\n\n\n\n\n\n\n\n\n\n\n\n\n\n\n\n\n\n\n\n\n\n\n\n\n\nW+`\n_/`e\n\n*wPS\r&	_N\'JlX\0X\0X\0C.Jnmdr/Q~A;I73[f{d%[ym5+/B\rߩAz\Za:\\Tq8M~$JUYф*YD%U)mL	S\"}ZƩ4Mh\nA3<AsB\'?M\'?Mtttttttttt:~~gɅɅɅɅɅɅɅɅɅɃɃɃɃɃɃɃɃɃɃɃAN \'y<I$gq8Y,Nr\'9I$gq8Y&&&&&&&&\nT{		Ҩ*\"ŜuX>NUj*\ZDWnM깮Q}ckmMmY}C<\\SpGԅ*Yܭ}}}}}AdiDv\ZFd-31vb\".&ʍDF\"x<\'7\rW~ȺDD9/TvY+$N\\G~1]Cі{1㢧7Q%=ghuNTIb0s\\ :\n7lчxHPbs/+?O֚ܛOT͹3-o0	,/aՑ(05\\wUsu޵*ŧH-:j6z毟Wxq#2?3UǪYFqJzNrR^9y$<yuWDKf\'\'WOr@{Oq(\\fͻOWpɊy0\Z>B$ջɠs1cB2-Hsz^\r~ },zYg\r^uJ@w46\\lȈ3/t\\ZɓrY!Z=LcJTLTkpcg&#gSzУdw,KZbXQh͗Ŝ&3瓺|##Mɺ|9g`d_	Y9K~kdImƼ5O`1^鑀4h,\'3Cu\\7wF6Eƌbd#=Y5#o\"~\'r@.={RAIݓfYpx^q&eI]7as$\ZK`E?KgWjI<EzeIdNoq&E;6\ryݑ5_;,`1F0#rю}kY?on\r#sQIw7|&_]`R1s\rOJ)z|gS-ߴHbpZre]bE0ΝݘYr\'\rgrrr2rzEz7zgc<4LHm,+\'X߯r=Bx	<pi>*`u73k}ovV|=\",R,w1%dlxXVb,`~IN4u?OOUG}6Ѱ\"|lX?|6ڍ\\.IK_N/lG8koqvfz*KW8/r_hUKZʕR[/=Y3U:릎5՜5fqg=D$r\Z[\rvvS\'C[OdrzzAyRORdŪZw4cz\n$.͸0S;;[,R,Z03n,F2њ.zzݕ錮RTuM<sMȒl]-٪lMufaw	2Md\n3O-9^HFհ^٣>gj*ij)9q^Xe\'F7Zvc?OE֝g%Z#_[nklӁs.w^\'u^7^w^Wl6oVh]_cZ[o\nYɜ#;q3׻q;י+͕ۻz+sD.\\7Wڀ#g.svD>|Q6_w]ލ>ݹփ={sfq\"CiAvksJ[Wu^h~@k|2o;w`}q}߅ݸ֝=ߓlӚy瑡d:`˻sGt/;.JnA.<,^aj9rxXnkV{;7}7(uI-E\'~A75P45nw?#֏]~^0psG-;[>c\ro,VE]}&t&PWjQW>a5_X͏2:6\0M..fjͫ\nG#Ho[[^~h9R\rB+=Jw[Gw/}:.JnN4zlEEٍbI2DtB?>\r 1E<էɇF?b.BDó}(+q\\_NoGF{Qjt42Qc!\0	C\Z\r7yca_K#X`2\ros_o5F\ZیQ#`#@3xJ>(\ZOqr1M	r1CN39՘-i\\|-_4ɹr(F\\$_6WRx[rDn?\Zd<ilG:d-dqN2#E^F7R+ad)(O#OP-+Ky[3NQ:.FꦺUOۨSTCj4 5XJ5T+mOM(5Z6Ue35Fj\Z+= \'TyzF͒;*XEj^S^jZ){\rSGpO~Gޭq9@ũ駲TmlT|66J.Sn5>-ԬW	^f.^ >7<ƗGhmh/:SQ\0$s<,b\'}E}{A{Vз9g]X^!1	oxt1Kܖ&OL~W̷ƵߛDk|>1J/ƉɂZQ5@C_Xt>w!bMlx\ZIz	y@;	}E;у*fN,ZA(H\Z:K~h[f\rڽV{l̠2j6jsj+f}Q֙Vfͭj͚PZmgvՎ4o\Zkf/	VSY}j`vE3geVjYFngjcASVgIVf6/(dV*ګV{lmlj[Zm[hBxځV{Վ1V;>dV>м>jXm.Wve(:ch_[yض[Nk՞\rЖ`U͕c5l3%S44IT!^J \r()*iJ3%h iRgo*Թu{~y]kｆg=9e/?rRD*!!\"]yٓ,/ҜCCBBDlxiKG^N/r^r/#yqN#DĿpg@cKwR꧒BΐWa`r 	{#q-ܖ;9)Rw/Hy~]׸۾ORrdVߵTZ2/s)j+d\0\"2@6\0d\09>A/[ԌEq)ZXm[˵i6ݦsڼM[dm[US~v?khӛV\rU]gV-bܪv%%!HjkǵOZZ5֤jY~Y6]ܦoye|ANr19:6t$D()	v2NCiH\Z¯caDDA\"RH9$J2#jX\n%H}$IGR0VG]4l,b5a}\0RuFKBq Dqx68ǡ5VZ@vh=PK$!KtĐtl$Q>L6\'o*{tg\Z\0Y7^H$1t3LGCh(\rs8v\ndIj4\rQC}``$FTi\r>0΁\ZDR;Je);X;2pg#FD\0gӏߐ?\\1\'`kkb\rEFp*ؗ%&\"#82~_Dhu\0~@ɴΌ62]L7FgVի[}gs;ޡv;&1[Č>7̨0Uƨ3\Z+:/)(0E1F`$)Fa:0#0`酰ب%c	@\09=O/Ћ-7ZBKi}N_Зi}Cw\\4FEwZh;y7á]Yp8ͧ\'h=IOӴgᾇ>5>OSx=fn}/-`\r}Kh샷j{3^9[x\'c\'<k$D$&Lz9;3.eKB\"_Z@pġt1YPGj@ZbQZwT5h-Z֣\rh#oph(	%Ncڍ2|yT\0n<+GQtt>:\nʜ]\0>C͹.\"T~C%*Tk:nB=\r\\UT!^jc=EPz%zk\0Y;5O3jF-\\blO#\0yq\"ąsv#ăxrx{<2@Df/.\'.G*}RE!&H\r<%H$*űgR칁!-yGH\'4s\\bKSPQT3unԝ΢.1tM~8׃48Q඗ZFk:Ao[631Qn|&_gd:\n2\rԶuP\' \Z*!}Gϥ|l>=2\'0=qZgI|?{?s\'^}7&>	`!fP3P9cWldĽB	`d:	x;ry\n$\"I,I@ʞN\Z}TDٴR݅z6\0*T@-֔NBMg󭂶V*6} ̰x<:\ZF`-[\\6|\0`s]_ LA{Id)d\n\\q!.P~?6#]f^1ƚafgggggg~w\r|·\\+]|W\n??C\\\Z\\\')~0-}G#mgL[7}x\Zxѩ,[PZpè\"oK)H΁{$\0C=PaPAcq,+J$H{{OB\"Kp	c5k5`\nͿqg9=y0gxՐ^Ak&BX`k<\n}îzz\n]p^\rX! ^{`^{U[[?)qDYf^{އ; ]1r\ZtÆ ݱH29x*^7\n[@CV 0\r \0(xDocAnF\"34 ;ܐ\nBs\"l!be@u:$TbvkWp6^^{y=7\"B2o\ny+V[!.\ny+dr{s>m+t@:gH~w͇$L\ZomK`9}~`	﹔[i\\&HDN<_俐ys,+oxWōJ|phTbЗ7w׷aCA+v`J\\f#ݡX JtDMѦ3xWTE\ZpHg@!(#/$Q\ZpVDgJ;n_tdcdrrMOd\nɊȍ8)jpwwgv2_E`QQ+E	\"b)Pf$Wp{@UC=|0\ZJ*::!ڡm,t:evw>+7`%Q5,ߔ2idhdߤ֡b\'8:ʭw;#\0>GD_.Si;|+8+4\Z붷\nA4\Z\"$;KJs$	}uȶP\ZN+U!{jݜ6y㿱w͠7]}vKKPD~_8a!\Zdx*`ZLA{eA̤ޥs黧ᙸ=ϮЉ.X4)0b9e%O%5UyLL~ݯjͩKv{.wUڴdծ//k\ZJ/ӝ;4{yX2\rc˓|\nu\ZǊa8Ve>BaЀ}=CC}<g񾣩q#Ί\"\\_gf\0kK6N6\\ƶ=J{Wwٍf%NYn.\"@Vmy<sg\'ҎhfM4*\n錵 vnS{-1{^*ޠX˼ѽ/2_]6񆮇:W>~5_ɶG-z^-*w7Xj=I-\'l\"fͺ<\nb&mq,Ս;=\ZH&-k#}8fq/Nڗ:&y4$T^Xjyh^ mM)u=O~Gn	#/+LVo><dHܰ0*EQ۳;{~xk:fݚ$jp}Z=8uU&I5.3E=<tsۇ!bϢ|}8NN{a5v{dI8x^lWڹfE|Pۗ2Ȑ^GiaC9VL]}EVr1B/א$,bZۓOKLQӝ?>!=KhN9fNP=֞`nQ4{N\n֡tai#V|PӶi+?]Ea[,iSEV,ؠn޵kUUKO?K)Y>V%+m˼ޭ1{lPuˊWy2ڎ7G{~*4_bk	z\'#yN]kUC?,٥\r>#(˺Etrӕgod\"]6۷p۸΁5s{zͻ<hFR \n\nsW-zU\rio12@ЗؖRԵ\n;GC[пX_@oU`pPzjs1~n(Զ\nr顿)+i[z0dFaE?-夠0fk[us\\٧M{?&HTmSq3:t{Ê+^?۶LcM~]niߗo:wwb^Bـ^\nJZmꕩwC.O7z~[1OMh!杖Y@fO%7\'$MSw^n$ԯ0,7vѩum?%Q-$&u5 f>ejNoIkQ\'<<U%*x{2{Q|҅v;x%.-W\\ZՖ7vQlT*Jd6/Z7xGJǮn-%|V,uzUfUGq;\rnI;~Y|Mр\Zׯ&m蕗<OKѷE%{̯\Z$43YaOeVh{1/gOKzJQ&QN-Vb;4_fۂzO=$CS4ȋQ}^<|iÒQ=Tm2S}]oh0ջ1Ր8\"MK5&dU!4i׵d\ngR	N#,s$Ż/$Aߕ~cC7%%De2(tCr{@!#Ǘ b^gL2ɿ[m&n]Xm2݋\ZID$|&9[DU݋37v{vYDmGYt$[VnJ({8>YO[A=t[r#\rcݨ`f9A2po7vmh\')^4x:ӆ>?]0]hTy5͸&jlrYdSmuݲ+?lЅ|#u}:֌ZnqKb7l==cSetۄTÀ\Zx5+hhѴh#N3ҋDWB(EOQ5;0*R].;{6gGQl(FZK9PVȒ;_KAK>y>| rtS))Xa7w}pԇ~4Ot؝rIM}򇉇m6(oU\"6Uw]J|ެ߲|vh;~Z଼=կ=~9nI^##Te7_R8|!´A\rwyu:3C8Phkwq͊GKIS4K;8s(PșQ}qWsi\r2SD/^Yus7\nH_#jt,-bL5I7))[old܏cKi5Y?oFm2vN}]Xu,+~-WuYՁƬgUН\'uRuO>4vٞ& ,勝ϝ<8+7H/#}nǛe/~<(+eJ.2kGw\'R^X>,ztkxNiI-z!س8afz1c>u4KɬxEbFu]ycيG*o۲%f_oiJ̖6lY-uH E}΋L7VζBh,;-(u(BݶVڶ+?Mz0Q)lԎE?\")=XJ١ddeY__/7(8pz0/\0p\\;&jZ2Q̨mqBf[(8VKMό7kL3kdt-}\"G9:xׂvG+5.zҹ]x^)=ꔒfR?=M{DըVĊ7-N:3E\'\r\'Se)q	养ĕqu2{b2M{]?Dd	SlNxt0./z,Ɉ	kjJ}\Z\'UhQ]^wg89e]+}طnV\\A4Si<IJ^c\'GհJ_>QO2vT 9,[KJЁmUAF\0q[+ǜ\Z3_߁/{DZ%[d5#_ pzCF0EoQ׿lܠA>s%h2Rl4bL6M?e/L+~ib7^ef36<zB6|0ɿsBEdluJX޽67%Jj\nqSsGu\Z܅E\'jޡtkOׅ8?(^N*T~y=Wl8e}V5?VرFӲn0J~ge15^t{	\nZYxB \"-ո;CNUo;ZtX^~+gӡ+tW*3#D(MKT13W?x*-*޺\09&y2b}\"\"}@_`hl2o;S`:w6pݎec9n2<=Ǒʮ1voXZ}2-%|y٣SKvKws~iͽ[MI{o.[$er}c!Yr\'TmOy󏳗W=&jc᪻NzFtQ9AZ]*mlpMzdՆ&~I\r\rO4;ZiV%įߡgӌuF<8Ow<9CFj3ZޠEKs甙v\0[{\r\nendstream\r\nendobj\r\n20 0 obj\r\n<</Type/Metadata/Subtype/XML/Length 1637>>\r\nstream\r\n<?xpacket begin=\"﻿\" id=\"W5M0MpCehiHzreSzNTczkc9d\"?><x:xmpmeta xmlns:x=\"adobe:ns:meta/\" x:xmptk=\"3.1-701\">\n<rdf:RDF xmlns:rdf=\"http://www.w3.org/1999/02/22-rdf-syntax-ns#\">\n<rdf:Description rdf:about=\"\"  xmlns:xmp=\"http://ns.adobe.com/xap/1.0/\">\n<xmp:Title>Calibri</xmp:Title></rdf:Description>\n<rdf:Description rdf:about=\"\"  xmlns:xmpRights=\"http://ns.adobe.com/xap/1.0/rights/\">\n<xmpRights:Copyright>Unknown</xmpRights:Copyright><xmpRights:Marked>True</xmpRights:Marked><xmpRights:Owner>Unknown</xmpRights:Owner><xmpRights:UsageTerms>Unknown</xmpRights:UsageTerms></rdf:Description>\n                                                                                                    \n                                                                                                    \n                                                                                                    \n                                                                                                    \n                                                                                                    \n                                                                                                    \n                                                                                                    \n                                                                                                    \n                                                                                                    \n                                                                                                    \n</rdf:RDF></x:xmpmeta><?xpacket end=\"w\"?>\r\nendstream\r\nendobj\r\n21 0 obj\r\n<</N 3/Filter/FlateDecode/Length 2593>>\r\nstream\r\nxwTTϽwz0tzRWQf\0\"*QD)\rEbEQ{@QldFJ|yy=gs{ߵ.\0$/?./ \'{#~\0<\0s\0P +=KE$^o{4+/\0\0\n6\'%<2YSS%(by1\'.gEv3;8v\Z[=\"ޑ-q~6#\"JqEVaf\"+If\"&C]E\0)\\3IKnnkˠ{qrR9q iL\Z\0Y2EE6601PuoJEzg_f\n\0: !\0$E}k>4$	v999&\\D\\?xCw$0nt!dqys8|O.2./Qn+\\j?Z$J\'@5RTP\"@bv5Bmrq?Sb#958ğ%@T\0T&\0{܁\0 \n,\0``7*A\r\04\0.(\0,x\r!Bd)@j6dY@hAP%B<HBP	T	Bз)t\ZBc4+F`LU`fΰ/\nLx-:_C(C\0BDh:b0W$\0F>)@ʐ:Bz[(2CaPeGyP,T&j#U:jGnPOh2ZmC{#щt>݀nC_B\'Я1\rxa0ɘu\"L+<f3b\nXC6\0\n\n19M-SY<p8.WkMRxm>\0Ư]~ M%8B	Ʉ-rB%H \\fb98\nq$C2 bHB.y]K2Cv\"G]FE#[	[bDDMxImIgUk%$OJHHt\\RNIHISͥӤJO`etde2y2e.ʌS&ŕ¢lS.Q&.՛L-~CZʆˮ=#;JCh:4oZ*v6L{/\",Ǒ)\"wS<G@U~H]]!EaBCEbbAK3JT%{%R	{ʰr:}s*****UfTiNɪgU(jԸjjԞeTz9>.TUWhxIdh&hjvkjikjֺfh\'i~]CgJW^[wn=^^m}>C?E\r ɠ`66\Z04B\ZFIc&4?\\ZѦ{L{M?Y՛71152eQeq{	yǒMK:4XcEnmƚob=megSm3 2E+h[MmY	Nbolbd?Tw)giq\rC2e:;2;i:\Z&9?w1sỴqsz\rqt+pwqst1ik׈7˻{gO/7ķ߯`r\07an`fA\'{C(!!M!C]BC	ú%cDEDFFnōFG7Dϭp_oDUL~JݕW^]*uՙXXf8t\\D\\Sf\09_?reg=c;KN	g2!$a*!qotcRYו[}\\&% HBjDjk\Z.-.OIWM_>a1i/soȂVfu\n>pp,{YvUۜ𜓫WV1XsZ_Cc^~\rj7B7voܔib[[Rk[jk֮<y<5KGoفѿsΊ\n\n\n\n?}eUWv[܍=q钵%{KJ_w̲f?aph_ygVICU.U;`y`KJMaCCwj=ktcg~R^5ņGxGFiillRn*nbVZkqp\\xq=}q;(mPَΨS>ھ7iUgd%;png.$^1힠K\\|׹+]=uq>~hoa{kpٛ7/ruCˇÆČaߙzŽ{7?@?(x(l=368q~0lRmqb+N<x6?/}//~-z+Wss^SVww#O|~(i\r\nendstream\r\nendobj\r\n22 0 obj\r\n<</Type/Metadata/Subtype/XML/Length 3225>>\r\nstream\r\n<?xpacket begin=\"﻿\" id=\"W5M0MpCehiHzreSzNTczkc9d\"?><x:xmpmeta xmlns:x=\"adobe:ns:meta/\" x:xmptk=\"3.1-701\">\n<rdf:RDF xmlns:rdf=\"http://www.w3.org/1999/02/22-rdf-syntax-ns#\">\n<rdf:Description rdf:about=\"\"  xmlns:pdf=\"http://ns.adobe.com/pdf/1.3/\">\n<pdf:Producer>Microsoft® Office Word 2007</pdf:Producer></rdf:Description>\n<rdf:Description rdf:about=\"\"  xmlns:dc=\"http://purl.org/dc/elements/1.1/\">\n<dc:creator>Εθνική Τράπεζα της Ελλάδος</dc:creator></rdf:Description>\n<rdf:Description rdf:about=\"\"  xmlns:xmp=\"http://ns.adobe.com/xap/1.0/\">\n<xmp:CreatorTool>Microsoft® Office Word 2007</xmp:CreatorTool><xmp:CreateDate>2013-11-21T12:18:35Z</xmp:CreateDate><xmp:ModifyDate>2013-11-21T12:18:35Z</xmp:ModifyDate></rdf:Description>\n<rdf:Description rdf:about=\"\"  xmlns:xapMM=\"http://ns.adobe.com/xap/1.0/mm/\">\n<xapMM:DocumentID>364CDC82-45F2-4491-AE94-051C17E21B0C</xapMM:DocumentID><xapMM:InstanceID>364CDC82-45F2-4491-AE94-051C17E21B0C</xapMM:InstanceID></rdf:Description>\n<rdf:Description rdf:about=\"\"  xmlns:pdfaid=\"http://www.aiim.org/pdfa/ns/id/\">\n<pdfaid:part>1</pdfaid:part><pdfaid:conformance>B</pdfaid:conformance></rdf:Description>\n                                                                                                    \n                                                                                                    \n                                                                                                    \n                                                                                                    \n                                                                                                    \n                                                                                                    \n                                                                                                    \n                                                                                                    \n                                                                                                    \n                                                                                                    \n                                                                                                    \n                                                                                                    \n                                                                                                    \n                                                                                                    \n                                                                                                    \n                                                                                                    \n                                                                                                    \n                                                                                                    \n                                                                                                    \n                                                                                                    \n</rdf:RDF></x:xmpmeta><?xpacket end=\"w\"?>\r\nendstream\r\nendobj\r\nxref\r\n0 23\r\n0000000000 65535 f\r\n0000000017 00000 n\r\n0000000339 00000 n\r\n0000000395 00000 n\r\n0000000575 00000 n\r\n0000000881 00000 n\r\n0000001049 00000 n\r\n0000001288 00000 n\r\n0000001566 00000 n\r\n0000001658 00000 n\r\n0000001698 00000 n\r\n0000001784 00000 n\r\n0000001837 00000 n\r\n0000001902 00000 n\r\n0000001955 00000 n\r\n0000002008 00000 n\r\n0000002061 00000 n\r\n0000002114 00000 n\r\n0000002167 00000 n\r\n0000002384 00000 n\r\n0000049898 00000 n\r\n0000051618 00000 n\r\n0000054291 00000 n\r\ntrailer\r\n<</Size 23/Root 1 0 R/Info 7 0 R/ID[<82DC4C36F2459144AE94051C17E21B0C><82DC4C36F2459144AE94051C17E21B0C>] >>\r\nstartxref\r\n57599\r\n%%EOF'),(5,'Image1',35,'jpg\0\0\0\0\0\0\0\0JFIF\0\0\0\0\0\0\0\0	(%#/!#\')-,,150*5&+,)	\n\n\Z0%5)1,))1)2))/3)5*0))55)-)),)55)),))4))5)-,)6)),),))\0\0\0\"\0\0\0\0\0\0\0\0\0\0\0\0\0\0\0\0\0@\0\0\0\0\0\0!1AQa2q\"BRbr3#SsCc\0\Z\0\0\0\0\0\0\0\0\0\0\0\0\0\0\'\0\0\0\0\0\0\0\0\01AQ!Ba\"#2\0\0\0?\0D@DDD@DDD@DDD@DDD@DDD@DDD@DDD@DDD@XmVFO4\Z,˙kIla^\Z1uN;B؎ڜ`Fl}J43؞?knt!\ZK[;NEuȻfeioOi\npd#5\'Eǥ7ٛ1#8J|Uf:qhCAmvt,QI UgoY[iaeE@UPb;vyk=}&v\nd*;ReVj3sKd*\ZuUldV9!k>cewl-WHςYl\"ҳ%2QՙlO%Kvw9W:|sdg}Lqw+O\0J7OsGT+#UxOǦQm~p\\ӕ8Epr0edm#)^Lf\ZX^msUQت\"\" \"\"\" \"\"6pni\\ך%esX;_wa#f|A-F#ğh)͒g5uS6cv=i13W9+Ö^fgĭyVcTsX]S^^,9X^sbUXW`{յ{K5٢Ru\\典c}?n6cBwؼ\\#?5{IeӢ\"7DD@DDD@DD֛ڰBiF|N̮7S!d;Mjw0d1\0]Z\ZQ	H6EfȺ3VE,B9vȨLkXH(rZdXzdS2+\"eV:U(,z*Ub{]~_Z<4diw\n]Y\"K8y}1gKOQ*E\"\"\" \"\"\"ln>yv[1N{u&@E])k{YZ+(48fz~}Y.fʢy,xޯB-zHQ\rrת	/SCۦ%k:egJU2UU*iҬNkV7Jec\"\0u~\rK5S@\nl}e{%ۯ-o3.#jHDDD@DZv(Ƨnnn(fr4$@w(;IA0kusl\\KkdeEO :gJ-!G5\'0$h͢bJ=^׏%32UN};*E#\rD}\Zm̮8zVgxGHI\ZpsK|ՂUNOhpGЭEaa-qXWҩx6e]<\rxh[[:uO9TvhZLnD_yZiktb\"~bU6HtUzUN[G\n\"$zm$+hy[&UgI<QRwb\n+hƚu9,gS%*W{D=*f;q;\"H.wEH.H}i6̹t \n몈V{ō(6c6%hA}JpKl\ZizW:tɕ5T4V1flۚ偟\Zs6ےD#{*ڎh1^7M۪\0n52)R0*Nٗvk\'U2uNוiޔqӈT(5yVʩo8Ԍu ݳ_s#@ɤ Bh21X|jAP4C&k*\neg\\h潦;ʤw/ً	ky]PC=GP\0wv[8R+4{	_P^kX݌8_zuu\0Z+MZc\rtuN2y(V?Ø|EG-2iai|\0C4	9i_sZVZG%BO|\n\"v> \rKR3N/}(wM0qKGJvytqi>t}4Ʒ^^橏(s8	n|hKUCe>8RilW.oL3[n۸X!n%LGyq\\Mړ\0fN[掛Hm~C?/ 8Gh@\0l\nАÙOڭjWZJ7Ҥ/\n2[i<buykASoI\Zh	E0Pn*#(ph7M@L@4⸋;䙞gK`{s]\rq1\r\".zӣ\r@;9\ZGgye<9IĵÞՒtGhlCRH#)g#^RAY\'2-fӆXF3nZa9#\n5:uqغ+n\ZI{UBZ,RE|`l-u ~*0/z jek\n>=$.*.q%ՙjbtc\\瓓\Z*i_Z.	khNdMoo٫7s\\rGGX\\9Wt\ZqYN}=y紭 \0hִfM@ؠ++\\Ѱq(6vG3_tqQ*{[u)ۇA\ZKj\"Gxj뀢(WS9~QcǊ=ph\rT -:% ͎k:?Q䴟avcg.q_\'h<ZpYŲO)t֛:i;GxUD#?v3A뵯8QjG`ŉi#`oxڲZ4b(14U	LklQqi]XAvdmw;?2(sa\\XF߳Z*עIs15ڏ<=iXsA954˘]rhdl2H\rnqᴞ4\Z]\r!m+7٩bl;ӓ-\">lҙ/,,xQm#dc!Oh#K&\\m>zj{l!蠭FD6x˼.8li^ow殮\" \"\"\" \"\"\" \"\"\" +^En\"\\\"mZ/ewprP? \0Eע:ٳhxv&}BHłV,6ru|Mñ{_큘sPD4<٣kC\"\n;U8^\\Mz}qAdf[JoqmR?'),(6,'Αναμένοντας το πλεόνασμα',127,'jpg\0\0\0\0\0\0\0\0JFIF\0\0`\0`\0\0\0C\0\n	\n		\n$ &%# #\"(-90(*6+\"#2D26;=@@@&0FKE>J9?@=\0C\r=)#)==================================================\0\"\"\0\0\0\0\0\0\0\0\0\0\0\0	\n\0\0\0\0}\0!1AQa\"q2#BR$3br	\n\Z%&\'()*456789:CDEFGHIJSTUVWXYZcdefghijstuvwxyz\0\0\0\0\0\0\0\0	\n\0\0\0w\0!1AQaq\"2B	#3Rbr\n$4%\Z&\'()*56789:CDEFGHIJSTUVWXYZcdefghijstuvwxyz\0\0\0?\0Ui۰3i\0f溎1p30iۆ	U Lʛn?ti\042{\n|J@ 1aE&4;\0#Ɔ,gsNve\r@ʍ0$08Uێ&Kr1aQM8n=\'6\nsH.J#qr1\"W99\0\ntfE=8=ARV:^6ęQRGn\"9.͏P)`Hڣӽ5M\n||զ%Kk|n\'?\\T\\tm\nfK+!튇qapbF:ZrTWC$DHFwB͹{\Z`r[h+(#x osSS0cםj\"+g\\E.ſ>}T=2@mp:޴@o?v>P}G5t~@rv:h-㹲/ ~Z-D%4@NXV~Rl裭4e-ϟIbqC}H?@2I&<üyc3T(m[ɑ˽G=+򍤖ܧ\\M,)n\'\rn^\"8-I\Z\Z@^I_կ\"jcVv!c7d\0<\ZuvR͂?OgIuyp44r8]EEcmخOIaл£QEWm*\0[hTy)\"ESWr8@P4\\rWY\04h9nn*$9BIC0Y~kɉ	ni%!yT~U\\XIiy|Aګ	Kr캒G]H^)64\\L8|39X4	YEU,GtVH˙3[#izUinkX#*͙~3Ss/P\08@\n$ `3~RB!{8p>ݽC%-X.ͣksJmZ9JQ#L٧I\r˔g֩EUc9䔮qOJ	bcrCu^k[]oo	²`J{Ow&!H<xќV$Be29TLn[h\0*Jn3(O57b0\'pz7Ⱬ?foBv#h}	2y)8=؁șSn\0WEf-ڿ!),p5H*5[v#\r>/o*u9*_)}`%CTnxܖd9OCg\"N.d+g,E \nFc#?p?*o}ʉ4HU\"\"o!.QF1lK?^8v4\\`~31	MKMуjsylhA<.8\'Ij8dUi\nǐ\0ZIZ09Àpz@W<*-K	?{yȤ8@\04suG>>R>SvvfTj@8ҺLq\\Ŧ?lh\\s5r)M\"%)9ت9[=+N/ŘN󳃐VXϵX7Y#d\0z檮 mV,W7\05gM嵵W`|`2^*_#\0α!%F,l}B\r܇\Z\0e{smd9$1W-]?<RQ˼,\\AC]~\nRŭǑ!rED=GW1Yu9cwAkxVFySiǭ8Mَi%t;^HTc.U\"E3čٴvX\r,x\\A+Mx\\r:)ЮcSϔc?Wh//$q!ɟLyޟs{\0]!Q/ѥXX\nkJZQGo2ʹa1U5+]/L&lem7svZVxJXf%Q\0AҰ[?$Fr<Yf=\\%((ޜa=٫~ng!B7*I8X\nwfL.Xx&D?\0s?!TԚisȋ#+ju5;YV.&.$p\0/ƺY!8鞵x\\o4\n4 !<zc񭻛Hm4d$sڽ:mvr%[/rBšSL\07ֳ6\\/>%PI\0&[\n/ML%k-U Pn =+Wuώx\n8ul=3U!$tpJңK#juH`k9kZ׾m+tRIx<S?;llLzUipH%pzg{X4I\0(1}I|M[FTHf* O±QsٞU.|o2C5F=֡kɷ얰$ʖY\"$#(&jOBITURyOp@P;c\\ϧD`sX(-}Yo$ddD~O$o\\B2h:\r-Kauduï\Z+rs\\q)6Ozr\0V9l8;RBx&&W<7NÑ(_@i݌{Rys)\n2S\'M\n=Iޡe$u\nkJ:Tjo6ڣFp%=ԂjQ2A0*S;#bw$ʚI\'-IQ*sL{\0f;\n`*hWP~Y!\'$  ҞԺ\'?4Jv⡍@>=\0\\D@P\rCLqO$tc#nṚq#$\n`	WTb:6I;Wᥓv\n>j,[pQH^sec#Z-&xPb\'C>Fҹ,Mu&cA.985j$}1z\0\rΛKv]>,=m?W7BL\\	]	lU~Jupe_/\0ɫi+ɶl?\\ՆuFm#!?ҭ>fb7$UYcv˙$*b4C5K)b,/X\Z}ڒF#?˩ĳD9㟔4Cβo${Y\"e8JYK,BڨO;6I2٥|ŏ嚞TUg*,lGg⥉^T1)Py!mR;5$<W1o\ZU\n#]6Ts\0׬YHy9	\'J\"s5\0\n%Fg˩4IuQ*|)!gyaXQ\\h+5#THmtG}NzI֡0^rO5`fFc`S\0ʑiFyeCH7ϨV5Vo)8>\\`smj&hD\0@n#);-j$H%%=~$4QŶ%AϾlr3	ѹ~u=ͽNnBI\ZS4{|Π	&;?\Zr%*}5?:Ez2~9hgE&xnBV5XO*FBQ9=AskPFr63S	-yɗ(lOB1s,Gץl%piqR~@=3XSX[-/0;=Z!K54B|l!AKvXa/*Ȥg6#F?tD3z?ugVhۧk<qdzzw4o\"SԵӇ I~u\"H6AxWPmՊ#X00yԾ\n RVDaBӭls:t~0h[ĈXHʁuP9$\0_´m,n# I\\؉a$Ͼj)<\'1W:qW\"FԖ9<c/47E(*CŐ9ٛ=ŬDxj1-Eķ\02V嘲gdA;IUrBY;BM-C1V;3sRnc0؇>n*V(1uRՑFYweZRC.cY\Z\\#Sc~7nU,6sWI[N8=Ⱦ%׵ez]X5:Zt6?/oO\\>6]ڬ;ek=\Z7h3>f_s)\\ח	b-;?k#\\צiO!0e~lc\"avyPӅc*M ]N1Tqһ/)2,SqnD\0\0~ZYL`ڽqxDB	<f\0+Nfشz?\r4n+c\0Q$L폶AO&csٰ7B:Vuo\"BrFH?2>*9H[p# ceyI7ʷ!4M[8Vբ`[RK@ϭyx3%@>8D$O%SǷ$\nݛ)jemLg	sUiR[]n|>VxJX\0l}HW${s%f.\n\'=S-hj,:\0y1n]9l}PMlR4yg ,XF׻@uQhZp3_L;qm\"kCmRsZf\r[f!H$A皻=xr:~܍LqV=#Wu	2\0,ҮS[F˕7qE*qz贻2X$ʝr6Q~g@85bOB#Shޛe}omuzV91G|<n],z:uf+yy\0&mmH[ƣ݉Z봍\"yksMnc̮=<kriqnhyp8{u#h\nsK5FJ`d)ͪkѧyQ4!Pyh>S5jrYUj#mDFX\0!7o{ [Y	Pb\\\0w]=-E}oĺ!tE9鏥ggs$fbA2ev#hnpuU[.}U+),XG,$T-\'((LJX|Hap\nJO-Vs\\\nk!|e{Hm#3.2<gZ!\n܆wҠhzԡA9ڂI-V[aƅ#i.M 0BS0{QF>Xc԰Nvd(\0E\'*Svfto5,u	\r13|ʖs.G~i!s)D`\n/M4 JM[g$Pq1Lx\0\ZuvO+cRA/YÏMq`	G0ie{lZxkr@%T>6Oo1nCKx2c@QX{A<\0/A#sIQ[yw*r\\;NH#5ݭq:	C/#ZU\0\0{kzYwE2!cN1,{.P9Qж0{Se6h/|XexhU}ͮIi-q\rČ	0HC;$\n{|	U]oX?VJ:5N\\vE$כAQBoH\0>$m7}/EA*o֜mO\'sqI3$c3]J9?UݖX1\rP]AkR\"Y\0jt\'g|sI\0?dr*͟R@VAW\'Y}l/\0=iKrD\'T[g\"%1@J\nk*B\Z\ny\'1Is$D\0r)`vG<\\FsY<,b;9_%!%vUExR< O5I2t!k昙C@q$[ƕhg򥼉dq|gtjS[q)#ýN{PI>>|\noL`@JH@6+,[hsrTɹm\nxԮ{et;{8\raS\"(Ŵd(\\>`I	-qTIv-83?ZDWt!\";P5q\"\"I{f%cxD4ljzm0Xb8\0Lv\0:Z\nq#\"	9݄0(\nqa]ᔊ\'${#qI/iW9\0\r޽dUY39+-93i(Wˉ\"ٷ`r`pq1#P܉\rɤ7h>dmi\0d˒\'X7[^Y\Z(\'9̣cχNʑW\'?ć$0Em|pBk, \'`\nHǭI,z[re\\\0jCwz-Zj\Zm4kUwdJ-lT=A\rkăU!u1YZ񼌇1 %S*-nE/Zkmiw\\	FӑqںSZtsI:un,o%3FpvqV٬3)lc)Ej7x=7\\H雠Jѵ{	qszopT/zɇ^gNڠΧ$)s* KZ%:+-:Ѥ*XIǫc$]HAm,n@5X/\\{_ډ?TvN:Ja1P9\Z_36VF\rY,B=[S=,?Xq\nk$jW2#ӊ^^]~.6o_\0׭h[E:h>޵(9N;uxG@\" l0s؜	`=N_Š$ڥw\0OC\\%X/PX\0{g99y42x(CKņEkh HާWZ>cqY省ålhżr	v@*	qC*VcR|CmPbn,ܕϡn,/dx|Td}٘sDA_*1B|\Zi>}-,ly)*#ѥQ+<OӌۃPrýjZ\\+HA={\ZXOR	]u:UG޼WG0CD~x3ҮKX/vQrd#R&Tc\0ҩEjQmA;c ҆Aс+M{UĦGmP(?.irNa\rϿ<\\q!Ϭk?`Mhpe1*\rʬZxl6i\nޥȨ&SK\Z_wuŜe8>\0L,eO`%$S.#MS@fԮYBS֩g1>{PjtX>gi]97a=Ă?\0\0*\'r9=	|J;l;p\ZwCP:`TC#3>RxNxtL	Őv?Z/Oq1X~\07֩\\.$*ѯ$gR@<ʤ:M@o]D\0x>fz쬒^H@Gڣ\\tW\08:~55ֹU$n랹&zƁ-Ϩ4;H\Z@|ߖ$ע<;gknluV(<ܱ<¼Od񗶎%Gbkd)4S)yƕ>n_k3kmZ$`~ůj\"QĊ$](I=GHG1sSH@9\0usT4跶YOρjԺWԕe8)	숣uCdsP6YsQP!r6EFDv.q<C?*B3蹪S~vz\\Sy?\\ҎQܴϚ蘤d`I2Kǰ7]vZ1$-z;ԑKgxo\0u\r6[u\0з2J\0	gw*p̬	4H:sךa~\\3>FV}\0;gVlX;lZZBLkSC\"3}	iqsjCȫL9g+ޜ0my)\rcA.H-/\0s؝\\7͚%#rg5u#%@OUQv6%\rGVEI)GcT::Db>λv7.ArHA3@*?¯ÐG\nuRvl5gyZLXgEgLMlZ)ȫ6\0HXrqO\02I$uVy2YqQB)y	1\';FڳvUVVP\0Z>\0ԟM2YCW8H#TU\'	/KH;\\ڌx1@2ǵOޢY&>9֕	?&tTM{ES\\>gq?X4M\\§H\\?5Sn⧖JlWx:}EqE!\'oR󫒝>\0J\Z2\'ߎNw+ ep!>wJbtm0q)BԫB&x?PzU/..~tjm?e\ZaiżY\ni(4̭Y\0#G\"[fnUfwO+\0,\\#s=*(j2<}G&?\r.g䍳0Ք\\zR)A^9<A^Pi%⁶RLp(d+>(/0^U;w}3֟ʰdUEP 6ݼWgӌFO:?xS`E=;v́֦zT}נ\r-sdd\\qg\\]Yݾ$vЬ=@^;+еhU\'(@Q幝dV|0A\'`(;oCX<:znfyTMҤt魖\r|lcRsҩϬ$ćrdgzվtR4Nۡx+Cj:egRbz~]%JF.o4\n+Y\"ʧqֳ&!\'D+/uce$ܬ?fW6(ǵrZ|kk-\rl=׾3XUv֜̈7L7s\0=+mY2Ǳ֤VnVut@OIGlgt$<0F{:C2[P%05qJDinfDi)%d&0L*W-R/qZ\"y&\\Je*Ng뚦&.-ܠ\rjxz&5߾Gc=NM6I(h̫W8=iՌspݮa\0*^iIs$m	Rld[d!OZǐP\'5c{Rlȷe$I	c,eUL3YcP\'&P:}7I \'\0o\\r\\!HTՆN\n´ި|xK2GX<\Z+4gSF\"\\ɱ-FvЃ WJP}\rY,&F\'HW򘏿?\0g\\S\r8[\n1@56\nFA֨W$VWq;p?\Zziv$62FQU\ZFn&|}͍.wbdn=[5zi`>vQXivQ1YIk7Qhl(3N\0:U2(JW/w\Z{#8\ZW\'DW6Hu#X~YFL{bKh,_*18\rWNUHzOKJp=:	v*brr*%vɫ[Z]:۴sTqi68?hS{Y $Л1Y\'ePӹҴT3uu<ebv-Gң=p2GjwN88B`ofHu#ݍ[TfOU؈y楎4T\0FHj1dsT+X\\zmUFFz*W	I乼X!W;&;kx J%UVWucxG\ZTY\\zW04(NG$^}I^GuQIjZlF?2 ]\'n~]\\4[]x\"9J}_-h\\\"]r\r	&L9>cAdGg2G+&qg[8ILφ+&Ǐ50-t6QXvVS3$mHyִ_O2XI$o#ZMr4SSmr\"0񑵎zQRFoQoi`Y#U4T|ۗNKX[,y{W7D.\0 +6/;IdiQXqAuuav]\'w<Y7q/ړ&֧\0L:bGPy\\b(D }朲F=Pi?ޫJJ$LDEnrxpjrK4iS`W+pGZV$|1So]=	LGi_6C|L}F\"v횕l\r&};?x(Κ\ry(s85RK!#\0\n|6!\"W{\0!\0\'U*rv\nG()3ñiXw.JqAL`d<۪#^q$ٽU3.^I6!9P($~	v\0e@`ii\"bcA,	?ʍ	q#F%pAV$c\0ZMQ\rr&K}v0zE8\'̅Rܦ͢j<XT~)\\*W8wk0$#\0\ndUՍŴ@ڒ2E8dI7l,7ʺ?AP\\\ZIug\\]JGS$vrmGFig$CvjVJh-d=F$7TFYlDQT\r#>{w\nnOBR:+ i\ZA?G\Z]Is\nįtF 4.d*	¶0 c|.QV!2(U$0r^F?õBs)mObsRvE^䶦7B|ϝҚ/awekKN=ӵITv!+\"\r3i+	+lDf5{)n\nu<\\rp$%70]L\r\Zp}M;ؚ	$QD嘏\na,\'J<W7!d`7jV)3Gaɡt#{VO-a3y`s6.\0MmwyLYRT.\nZIxgZBL! C&g$y1Gl(\'s\0U- }BcLpsU%Ԡy$.F+sf_-Dʫ	),-GxYIBajb)K1kQOl՘AZvhs+2P&8r?JZ>eݾsr}k mP)TnhLg)0:\n<3$wi=b˻Vۏ+kPC?\"Ʊ*GzYƓ xOjY[dCM?^kh<fCdX^\"=/z4D]*$!gұºtq F$%f\"m~՛Y0FTY>YW\Z7-V9f}E&mᶺ+3RѵFE09J=0Wdtx2[R1&*H*%UmBzHCnOԯlGÞ/eG!8`OExNq{J`WbݹTw#4J<k+EfZ)$\'A:Fi̖ܙd$`\0G#5\\xvUβ<pF9ڢt4f_HUX\\[q=+qz\ZŭO4/ˎu@жA{S\'+-ac6.ҧ*/gH\\ҺԒ3oq<1j%Ē$1 r\"?3ϥt׺E6Lǉ`{N5|MPKXL2ts+>y&b#2kSM;tF9^q.o:>t#H*mLi]E$*08P$%!YdBq]X$Ϊ{VgDL,r@	d8SEMnZ-2_S[1\ZO5+׊vL11\'ji]chjg$Z\r,t񐄟Xן3:(G:&@8#`o;\0]\\lMmG1j֏.bGPH_Vs:iɦyDoj#޴ƅHKf_\'>~Ps!|>kַV|7ѵ3lհ<?Ģ\ZiIX¦LzBA!p\0cԉMm\0*\0֜cGZ@ˍN涤dmL\0rs(>i{n^*!$ISLyUѢ#n\'MI\\uٿW:&\\102)E%@8v\0j\0XosYs{}%$QԯFY+8dԣCz!Gǯ<VF3*jAX鬼Bv7q6>ҹ{*K]d/6\nA]<>d+gUo26YZN#2[8ΈKYKcwq(y-\0,R@#U+ewo,>Opl2,z֏xo+se	`6P}߮zU\rb7|\05TZ*zj~7l!FH@b}H7G9qskreY$5e9?JSeYusO%̌jiVohvp֋+>O wB4Q(&RqVGWvHet8C*WY\\\'ǫ>گ\\G,vp6N<ꇧrModf;yvG,Ȓ-P{#Rࢪ$ҳ24bf\\cn= }rGiY7 S.Wʞз[,\r!H<Ix4\0xf.ʾNhatLϟlMJi\0hbyAXi.%iPWjl;#* ˓OM9R@y$\0E:I`,qsuQU>=sN<.2;\ZyEYˊ[d}Ӻ}Q\0i:D߈5J\'F_Y1F*@2gs;Rg\" Oa3F}[y=UMQnu21T\Z	}II%짴q?(b[f)abW)s	DcC#+\\4\") .$5IrK/?s*[&f8\rˣY$D,U0!v9Ҳ\0M\\8ڶs=~t5v(\nܦtڻ|hucTKp_W-m1jc4l2\Z:}cCNm ^{\Z=1)rm4K6MPN Ro>phm!gW\\k[+Z\\#hdc]x8@*Fd\"<v#5[p,a\',ԩ]%\rԐ1-d8pe񦆗?&\0\"ۻ+H펾a\0~Ui̷Q?F+ JINz?7mI\\\"ܛJ;}]ܖBA1?{ErR\0 \0)\"m*`YcY\'l0#,\Ze*h>`<QkR`\rLStֳL2kA4#n8rKP4fG~<RS/Ⱥ	\"\\*/a 1#҈eTcv*c$3$MBfcHnbe.hAq$*|;>FV:*ڱXMOM+<;ʫTOG3,hʳZİ\"SDJ#dhpփ&3n>1P\' -!ϸi(7\'mJYGуM	[[	*DM R;nU5\\nWiW&%IaG5q-wy\"gk[%ry2v\'W;͢,Eygd4D>TöF(G=HPmW7LUE\0:cVui(eX( Z~Hf9B\Z5(a2>Eڇx,@˕Oj,o̸cI<H3<G־4:mEBJ`uoIȵ9\'hz1-Kx^Lm\\kIdx\0ytDcժQ@2An}k<eu.DFǖhi±odSm\'q!$&,0x{iE\\KAh<O\'[ITr>Df֮IkH5\0\n&F:a14U?|_mțICMZ7dkdtԏ֟{鿭H)|_\'\n[[}]Dnb?0(B C:\0;f:k\0)\r%$$lWѤ=^̮3(pƓV\rƿ5$OIT(P)~٦.dSPZƪHnNAEj\Z]Ȫ8kV}#\03T4;|\"?sɬjm.	ZaGf\n1}Me&۲4I#\n\Zo&$nw|4Y|E|=\n\0k>ї\'ϧuRx1̗5]AΩ<t7zdc(ՙ5L=TJ2x)M+\ZE\".e\0:\0E%13j+`ixǮiN(^rl:4OĒ8=w9sMAc~?t#Oqߞc!y3KBN}t	\'ҍV\0}B\\}#*iMh&ۀ:~H,O`{(mg\nkC\\{\nVAs8\0Qޭ,xZ[>T!>CKBdXB\nTpMʙ-̅:e5r̬s	8S=k)%иFp0Uʏrz^jǩ=\n|A5iJQ)!GO\0]rV#䷄{31ٹv,uҁt1)?+$ \\\n?RMk̑K)Xd5X闸2\ZΤ@z3΃/إƊ^ReJ)D>CVY/\nAXLL!I<d&WBC\\iJI[\0:~&\rX(n2xSYZumo҃p3K\0\'R\ZL\0~OƢv\\i»㊈Lս6=B^S#s֜=BoAUWգ.V4u9*=p)2ץg.T(f,9oJ9Z7by2do*Ԃ#cI5:Mr@?W$e9WQs`{d{jc,{ika.G{UG*{%[h\0i[,|v$SϚIڒ4pxNzRMl&)::lU8t+\0\\tEfI\ns ʉ[S&1!lv;NS?Suoe9m\'cM6z;#jt܍	<T	eO\';>}i ͑Ϧ+F)#i!B<>V~o`Q\ZȃwtoVq7}9JNԏp9kmr!d\"AB?WC1@t\\QlypaX\0\0vby&[	B҂2r\0q*&ثT1c{ŜNqpו{6+eb`?p߈kѯbmDڠgֲ4\0qu\Z$lQd=]e_ٖkv=[S|fh$\0dlRKb\nOSS\Z(t>{g{B\0r\n~Z\0Iݽ8G^aT3`ը39qӻ9/sʏ9FP8--CQZI\'$V9\n}E)MlCMm7Sm&W\0w\'ޤ2?2HTuA\'(pv\"<Ʌ2>ft(Q֥lGq2?o,SmGck$e d_U3IMʐI9*̒W\0:ݶ>ir&9!\r.3sߩ4&@7؊y6G})	<1dk7;vO!FՆ1 f\r]X	b\'r^Ri2H~֊[棐Ao$kfH՚[hYT1B>\"\'ܮLrۗ\0ϩUc4v$WG9ja\0VԤwop6;j%+7&6w85,ՁSg>*mwjóq7r+;r;\'@`sRu D9&OZV0IWzVg|t6ʖꍍ3R-m/4VYO1,H#m9^}>.t<\'oMC^DL sҹ&kir[u[yTȌ͐T*kQFT;)ҹɞ{{Ҫxֵ$l]QKu\rRV}~@ВphDo\nN+>\rgFX.+J\Zm$XVFY̍I:o?#V\r|2CN{QO0*>j-\ng@m|@?8];r1fshEm1}qZ6^!C#cV ~u6Ά]g>UK{םxuY&;dqO&c d\n%ݙ1tX]UYߗ8h0Qk\\GRmjM tW!dnO4B9[\n=zUr̈t\"IF8\0ai~J)X.d.ɂ3;+?,_O\\ !zSJn2m\r0q\0?w\\%\0R6Io63O^-֚I@د<Nm=Mi1q*2mdHhD򪱩\"\nP9楡3RV՘=sVx\\tJ\Zb0*]材G\0qE[(^i8a\\a^hVXbMXWGy.keh32ƈ3d\0kMBm6#fB8Or3ҹkDvP ]fPhiUPyJwaNѻ: Uʤ}DxHǋm{/t&c5]#fcZ셵;|Jn>.gsV\Z@NζѼr6>lu;av*?Uz~gˆW>,\nAu.Cx\ZUؼ&I-h/@}9A\0K;XnɠJ2lFyTeMۯc}P\\	jw¬}Hji=sǼo4v3,$q\\SJ<`.=	\0U/)G;O\r	[ҋ\n첳yls!ri|.m\ZE	!KR@rw$PL˗ ;I%`I23j汼CV^PsRi]b\\2]]4O={vbvi9:<Ur_vI\09SZ#j+RӅp-]p3K} \0F ;҈UP\0rsR>I6#)SN̋DdyI!8\"Sm<pA\rcÒǬ`sF*}BfVC^z^8XnXܮGq]\nAx.L7, ~ko\ZY9\r-Iu?;ţXIFsvN8Ϧ@>]fP#[^C\r\"(#\0wV]6ڌH;9$_5ҡ(!;W$Wm8YhpT\'r7XH8!W\0t*dpA)EW)ԍYayDNOҒ9.Fwi\06dgFqt2<`sS+\rH_$jb@1*ԣ\\K\0r:w\rCshMrV0Kg#PW]E)F,G\0ףxuQHF@8Pю\'tt24xـ*t\n2_(B2>GuC<WV|,0_֒akjy08v1&4~FR>G,}qsaT[OJA\"1q)|<N=~QBL^5l9Rv}))}3R}en\0zcyVE܁_qg*#廒ݷ3+iz$%ٷ`*GoRiQ.I\nio7`eI܎;f}@nף{F=>AIL`D8\n	31\"@c99bOs+J{᣼Mח<bb܅3\"vʹ36!BRG|S\0u~,[Ik3eg!j`YBAn3άHlNŋP2HGٱ1]~dϚ\0[[\\X*CF8oM3ɸ$l\'><nT\nP++Nƣeۉkk12[@ןf(G%63D6F>CeGǠ>lZ#n6$Ns\"tG\nmWpokHtO#GC6e9&[X=\nIzx|_f{|zՋR)T`FiJ6ě\rrEV|Ce&OqS#=֐\0vA$\ZmE!ng*YjؐpAށ(TxGJ6O*ŕkN\rJ8ԉ	\rY2<hÇ`R/8֓\"Ryg\0wfZCl$yw#ϰ|Wzf5=c#7w9f\0{TG\"r(WE]u3gV6L[ZL^yRc\'m|DP\r6͎>rǱ:B\'BO\'5hs\0T:ErְQNot})݇h\rgD#B\0q\05m+(\Z/M4:x\0eah\ZX𦶭+3N=TIM#=}	i\0kh㮯o7S`+?N\0T3H|?v_Է h\01H<FQ=c*}iFd??ʪ_шs!r3~*/l>1JrWtb<pҝ%#=k]Ljnzf2V_*.ғl9FZQjoH@)~uZ?Cx7?3I\n MAbrO?@:`һiG9ƜOAnj1f 4jSs^ck!QM:PGw`uؠj{\ZEXfΞAm$dq\"gךe,:b)lS\0q\'~}7N1%vnsȪChiDa+*<I+۴oa#*d$\rȣѽE>{}FVq	;3>9g>adGn>eoo^kZ[%*<ַt7+ͧXe7ʟ9NSDi,2*oV:IU(4GTVᐨ\'ҶȕPMs}*Cc54:@,A w3\nNװ4C>#W_C\'\r;mZ(t|Z5ʆk{Ib;Y;d{\0jC#ew+ۃ]<1vGgF\0Hpxr-b!;\\m$)InO#\0n-2(#\0٤XCWk7\0PWNu\nLn:2ij\Z\\a9.wa ?Ց΢]RBJ\\8c2|;#,O<b\"Ċ,sՁĚiSگkun`]Q9.Ozsz5e<u?nZ\0X#G:Ȯevxdw+vϝųS>++`˶r;4)\02}zU\\/\0_5F_*sڷY<}5U^e|=qd͍ݥWŸ:s3Ik0b33zҧé9B{#s}kBS\\~F;Wv{+p󄙊H#?hH.9W݁ɅVeG8x4Fc#\"GU%6W$<\n{?ZFvs,s\n)B9fO	HLꭓ0´)	F\"8Փ<\Zz>`sn0LJ[#19Z#w\Z!̍Jg8W*1\n\0S4$gz,,$Ba\ZB@FM\nC\ZE8lOP\\&3qk9u<@6cQ#HA(ױA؁(3Dmweec;t2I1 |IZtP[څDܪnm\r%x?<T/w$sLH`VQR)ڬv@\n.an (0oBINⶺ	bl\Z~Eb_\"S?1><\n{+)u:cBE{R+6[ʤIm$=\0ع\'qfIOfui~J{b0%vS{yLÓ4Ҳ&zK2dQG(Y~9USs+\\bqtZ;g9!3ӊX&ܲ5M]L,27q[N6B-;~onOJ].#(2\rA䬨vq*QJӜkyLIdẫm4}@@ԯoonOwjR]\n\nLFfc8a\n[&UC1>׷zޑD_e4)ɕ|ܓTǻ`br3R;$r@-\ZBcG$Fǟ#<m\0-Gӭ7ȉK.=8搭\n\Zq+\0g܇st3~GC\"B~YFqٹy+&;\Z_RiFe32^ƈ2O0L,:\'\0p&mik\\İ5[yV4D4\'tLJ5kvAG`}*9!^G4MX\0RyJDg2\0ث1Ꚅ_rlOdD\\~$c9iQ?XO^SR%RyáR?kj/Sl?TK:E\n)=k\Z/鮼e5\'.ڧ\0\Z6E\'0/JAM$\nטv$M$k\"\0SCjFLvc֐a9 `jk81AhzPPsI\0*,P֚N)YL/L\0LZaYE!(&ME4_ih21\"9rv ӲCn5swb3sJAqc#Ip1j%-y9jSWREe 8Zz)b sWRX[DdE{P>`y?\\Uh58nd\"lr\0XEY͓zV>gO#Paö@ur8TԴiNndo?ʥMJmm\0(żРܻ#*\rWbar*![Va,=ֆ\\wp?^2G#PI[:1\\/Fcq`ug+8usn\"29U]B \\b?1~#U##?F4AM=Ύ!dW̍g\0Xh]w hأv*pj\ZrY0R@桢}&kXkmP8NaZ]]Kb@\0=+\"_OS\\U%vzıb|/Ytv;Xq>B!v^oOV?Y=Y,=r7fk;p!?Cmvlrgw	~\\- 2.Ij)lI?c]lȣhTCq~nxһ$fd$c`Wa<Y{FbLۈ9QzU/v?RNj]!W]<u35(QHbd`Tϓ|%	VSS\"2$dnȹn@h\0vPzX%B$B.&NXc(<i&dyn\\,/]ЂVȘ*F΅8hQ|r\\sVFLs8b L)U)[2d\rG|mKyY\Z\r.vtDdfM}\'o&D\nB!˝Il2<?zAb@\nmw*Ul~fOҸw($Y+$\\4#4E,ӫ7ym>+*gSa{sɬm⽊?\n\\P8Q	,yN |(ˌ٭$Kon\0	1]n);ab9?z▌Ƥ4?qk@s |0 к1oTS&DV$l\01W¸!BPy:<c)RB?\ZB>s@\0ެ@C\"\"5+zI^9Xόg]\\\"\"4\ZI\0sV$H:?)I\n|$PH<PѢ*L/\'08?\Z-&sz۞YLd8\0d5]<eKbrW8FF2\0`Z\\r8or*OYGx SU;2h0?B#A=G[-݌~DN2UABǓMs\0>e%!e J<hĶ4d=ڟ?ِ=7`V{X@XC0I<Ԗ+,X?jfKǰuJGs\ri;6#40C1y`W8~Qx#<9\rOt\0ٳ@G-j9,UBzͺ;T;.AUI\'ʄ1*ǜ})CFw)ϥF\0ZT#g;  ϹƂ2z1=ArId_¤b7LѨʌ:058<#Rp[\rhލJ!\'ޘH\04ȭR\ZSg\\AVb\"GN*Ed\Z@hԕz|-ԟL5iꂳӶgcFx@\r-֦_Z>?bm4\"G@<Gt?`i\01Nz9؜S:3\0)N]fWatڶx4v<_5b9rY Jrs)Ջ~$_Q!Jã0hkJ1GEr~c\0}:(rUC\ZZ݀=(K\0XoA.euaTgנ<Ic_<HJ~\0+m.Z\nۇ&Nޕk`ˈj_{65Op[F*:3\\j}H1[͇\'>tq9[>S\0-6JcJe	?YTHڌ-`\\ҵxޫmH.YyG=y9xHG#UDIk\"cVY&K{܋)Mۆ`>gUFx=+̒	Qd,b{2yA9P3M:J\\j\0dqQ鶲yK}ݘnluG^v\\t]U?$lsl3svԥ&5ݲ<c	M;t<]N4RA<gqx5ķW1<[om{Xv\0=T\\k,W8g%qs]8z,EokY[m)蒩R~NK] \0҇œEYˀ\rIӧOK&\n:!RL*(-Y-ҸϗSׯUeRBz\0׏ʧ?Z;p=n{E*8\rJTT-΃ĚlW]DL֒62bn\0kG8;@LLڜm2S]\r$n4#Q*La\\gzЛZ3&alkjP q{- )>u(O84ܼ-?jh\ry?zӑ+VDC޼=]cP:iHy\02{zS`7m?q+7k݆9|ckbe ƹ˝fQl`1=|,.M,p!XrcܜκmMH㭄暨<vq\\\\27q;u_]Kdץk:&ffz>ڼ{<,OJ\\76s.@I?Jnbē|ay?zǖ|r]zD17˩hVd<sԱە uf,m)OT}b0KYz}52-g\"[N敉>> Hٳ|\nT%(co֥h* \\sX!X܁LҾʢ%kM[Vï|k9S$gpC[3̪&ۓrPbj.#v \0J׆;2[azZiٞѿg=?En\r,LzwY`+YH3ԁ5XKjq:8ni:Pm\ZvQm_ODr=\nTn\"%Fy\";AN*lo\\㍞^v~Ew^DweOE\'\rw\"#^۽ʝr=Х4ycihBml\0I\'E+R~+#\\\r4B%qcr]QW:I	CNr3V̍kb\0-bO\'+#4/14dDk.rBA~BV<\'r* 9 fO=c-G,$G֡kg0O<\\Rf|ZoyP8YE\nsfEA	HByEYވ1W?s\'m,S:!\'\"}׽KI(ȞHpQ;ҫKnEG9\0yW#\nPz&M3#I6DB٣@3w\\*XmwMy /:\"bo6O99٭nEUʺ-}K-5fn8UD0?jV**xSo@Iw*̶aWȕ<<Uˁ6XRWdxZ	m\r\\ۣ[{$y,AVvFhm\"ȟ:-בK-\\xැN3#Mo=4ƍf8<F%YJO91tz!z^{1Zu%qe͹I{\06eH0 G;Q׊Vϵ!T\0Y[Ի\\%Ps=7l8?Ħ5R9Hns٨<[ՇhzsiXB~cb,86	fc\0TnOB \r6(\nG41؊x;;8/NҐ)OmHUxg<l6}j\\NZ={t銈Q\'ڧF~t$w\nWQFU繨C=Da?\0Z#\0s]s\'@ϱPi;本4N2$P;0hm9=JAh*E\0@WқSjizJEѶS\r (b+\rҦ°B Ecu-S]4}j\0ܷۧnῇͮ$8>VW#\'uL%Pā7J[R`n>k5rKU9	xRqiEa8q^W%ry礖t~oyఞxdEK!Hx+wʞ^<1D{6qzkᱍ/(c~u)X>j1hVY{8V\\(8(WonfXFN1p0	\"pwj|U\\HȻby=[Uʵ5P1cgXoS֭>Qz95+y\"؂@\'M<Eik\'͔ВՍ4	\rNBW+RWu4P0́-Џc`-Jߨy5{C498N}ʎq]oYDly/gtg1}k{>hGIC܀Սq֓W<3)`p`,+\'vwUe]41\r;\nQ9K{o׶Z	W$uS׊MG\nHz}Ӭq5\"hWჷkMIR+gzTڎ||ܯ{IaԑbbUU\\l_aUe\ZeXȳfi>ٕA%;d,)E$\0:Bnp0TU{EڅP]Չ,߼H]mէ<*\\LCV\0`+@Wށc*{Miw:[E\ZxO׵Z3WtZ_}Xc-]hn[X}=[@swok/qnt̤F~bU&lWԣ=\nr=;B;vPH(=s}}=KK40JcU ~{VhF/x߯~=J%X6%WNK Tzܒ[%nY`W <ۑQyʻZDטc\nfB8*o(>ࡆ\n\0WJ-3ŭ%\Z(HzQOe!Uq~@\0fE;JcS})mkiS\\4*RfdQ0?<klۤYÙJ[4.qW+4osb1Mpj+Bvxխ\Z طY\'ܑѭg&)7u0wdI\0\nE=e7gX4a9:w.wZ5Iu,GSyƟ%->\"dNvӊ+?hZ[(SO=sƍ:*״yQ5F-.C`u\0EݰI+)2:c+&kכW$Ƥ\0~}kvʺlqO,<?3UȝU~>Jzc+g;9]aA%΅v>;}bKFO;[zV},g:k{ZLA]y? cuۖR3d!2ۂʜS!*_5ٍo{o6޼`#vLgm:&>6n)MpPBwh,Cmb2G~gnBHi;rJ%\0<8y\'QۡS ?Q-ķClC\"sޤo=rLogZMH]fG?HP*)^G\'\n0=ifU\0!\0d}*79LS] S\n@2GnN[s*])w*n,t^\'5v,$\08oCVddWh؏%ckkJ0oh\\˸\rŌRč݀7\\RMwg\"l D\ry\nLT3nAjik,C4twos7xݘc?	s!mĀMuf	wc;<uFP4L!wj_2Jc@SA\"XhQrY3OT;~T?jU1bM.iDQhݜqRR+p	ϡUf̑דWя ǂzkȧU?fȡE0\'i`Olv\r)zDA	nIkueJ)ޕ̆u`q $\Z?ݠ[~L4b@\0+a}+;`-JidsڇIzN:R\'\01AJQ|\"\0o0F:6I\"O#f9e4Ҽ\\3@mr:S3@0}htAd4\0Daاy;R\'Wt1~znq5azqG1\00/J856C:\0=6⏔w*9\">MsRl9oEc)\'1;Hp(\'QJ>𽩆!*ڹ_im>1ټkmcSdp<4rGTWKi.v+nL5FFu&0hGQGj]<t5.A+#y3܊/ҭ⾱ThF{etHE]s~u҃R>erPTUdX7PO:R̲H̭!8¹k ݩ #k8^ا;sE)iY#u8g\rg(dHHOqzĻLegEOk{f,\0j{MierGOj(No+C<}0}sZ.}^ymm\"N%?wUfC,vd|z~lՙI,k\0{\n¥GY(F4n44Mۦj;{<piVsp\0((yqx%|ɕ_ VLSLfs,s}AZTlF>>&Eu!9b=j.f\\:tsֲ\r<jɎI^0Ty3	DUn#}1X>8-v,\0#\0#]ƍgXwAzq)/Y&Cea).>F^G\\N=#T<\ZJ{ssM\\V=$!\rN	\\T.6*z@CFFʱ$ZJJ7:]*Ɏpm.tmX$WjzfbOXE3RF3b7cF=\0[Ca3ݤ̈7mrH^oivmyAF;#*zĜg\0Yxbΰl_\\++Di&$}g:R)ERӒJDlW?#7]錮#@T:m.EAR0Mk$LrtuZö۸jcl;\0r8k:f]xNje[OQ\r6ac%1׊l5CNEDv;O\'WJJ\'VF٬֟wx	6	\\m?ڟ_qa9Jʹu}Rt[K\0\\Ro=\ZHs2?O<0J\01*Oggʤ <ҡ7E\'=O9Aҍx>2v\0;uQdnv޿T֣-\\ΡJne9$To{9$ucMKix-_QUO\'j\r_/mdAp(W*W=G9#u\0Z종F_{%[+vm/ƣcgΣGHc9J:zןc;X%O~ufo˜gDT5.=[MLl}├bG]&]1GUQ#T{\0nk񝨇B`E`*;8?!]rJ6d1\"+32V\'oLrO6DU2EFUp7Y@3	9鎟(XA@a\0?\n8$nJȇRcՎV(ٺ)1xV9NzHUy2غ\01r?ФAƷlY3K:)qAMߏ+99~[/H?ZV*8TMSӡV ui[yHjB`,X[)2g<!kXtkGK=(cUl\0ȤgVcJ߸LH+y׽d\\qVho#^dR,zdjOfW\0%qys*)`\r\Z10;;q3˖dt;_iESLpR?82iنSe(VWULԸ8ئd!&-	N3ZɒE!Xxɇ-j#zEKF5ʒ3rrzԂbsVYr@>\"*3&ApA:RVC\n^ڕ=ży$JJ=É\":18$A<qOjI2Iuw *IY\ZFb-NmȂ8*S^zo*=vڒ\nK=)#{yʩ~~)d,g[ΨUK\0\r[=zVSr㍛5\ZICk`\0*Q\"0(@79,}$;qnȤ[؎[)S)(w(G)ts<Aǰݣ=l4#L͟zӂ	X|5q\0>(9qNEX1X	5J`g؏LzM1NW8)gi^j	4#D}i\0E9UH砤0,C@ŌIqj5+igQ@1}B+rc֘gސHT`\0L±(4qIN݌UdJ7\0~er\'Wo	\"%(CE+ռV@!k5Vh$~P\0	UH6EP8T\Z#Q}0o\n휵*葩^,7l\r+4\\~Mi{\n2%%WZZ3N55k\r;UBs:IV#>g8?\Z%B̚o$pVggwZT%L:tڜ2]K/SF=2wU줞MVӟӭ\0~\\Uo#灊\ZJjԪi5{(yooqÑ5NN$ZA,OTgsYZty՟	xRӅGpYQVD*r?ι\\CJkSS:O\0M\'o(ՇoYQqVwuwaO,jrMsU0tWC6?Z{Ϟծvv1y	܉]BaI(1ag{Tic|j]{e!-!ӸYF>xMx!ץx3&ж3DSk[U-9!GT7\"yį5O1@\0\0ZIT0ײóF5hd1/m>w%J:\Z;a.fe<2;櫩9p|CeJ4m[v>)}$(9ǽ+cvm,IyB7²`[gҿv$ȧ7\"ۇ9=ZH\0W^g&&X\0kcmE w3Ahao,p|\0صTZ,v?>czs%ӴDX0vF=WGT%tW|/\"\"ʦ)ޙlY]34\0Pf5Gu\nڳ{F.w)ܤ}+nv\\nmVX ҹ7uw,s[\\D2\0q+=yhMB5F3-\nC]éi$dn|psȭhϖ69ɳүBjE\' *F=\r6;>Ǹ>z|ixNDa6++8z	qVt7Wf>Jsocw)E~nȶ3õ	$wPx8\ZtCP\r(cYͳ݉0~U8*=\"]ksCut*+l\0tn\ZQ[jFFSذ`*ZBg٠xed{`}=H@- l<gΦYR<X!ۄ J7*?A[hcٛcţX8Yr}֩B˨c(lSZ-y\n͏K`/N^n$\\\",j@nz4\\i]괉KM-N3kFU$WokCfzKcsrOؗsK[+,Z_\'ލOL\"scH?z\0\0RBJcr$m9 c,8O14*-!2hÓA#ŴHWH>;u=Z|<p~)3)>de)#֒30pJ%%\\\nt-lTyObBҋA.d<=+5b#m<d[B䙡j9-a1cP?=\"6ite\\EaSFԓMBv{\"EXGGA\'AAr%e-$}yi%D\\\0=SHT\0x\09^ܪX.GRiԎkh@$xdL*-XS\'ڢku\"@TU>T8ٚ[jHX8H%.\n|\'ԣ!!`FlHQ16?+xnXXA\'I\Zdr$8#\"9F \0#\0L6\'3\\DFAO^;Žxj@I<,ʹ1$}x){S$WYx=cVD)ktbc诚cg1>h88>F4\'ʎ(wp%h0}\r/SO1Wϛ&BŏfQ#HŽp3@Vі5]1b܅bNCs\\1,rD$qR=}ꄰŸP8q֭2H$1yPOM֠eI%A;|sm Po慷EVl)nթ\'n$\"SMS<b5ℑWvæyб^>Fh$/uj\n$`\\7s|0oΫP-%]~hw<A\'cuH䀧#k\0*JqI1IvdMX,hMj_ouEVшiwJe`:a	3y2CemV9)H9B[T,)HB1їM!UϔNGf\0446ݎqQ: 8\0.i4$}hkl$RдB\"\\rHくPy4\\yU>cL?8^5!njx^6*	xD`\n!pHdTv3p)H8ޗ\'HsJ@i#xUw0[\Z]pepW\'iG)a_]j#d,\ZcPy\'+:QZ%KSeb-q,5$VJ;d3EjhMGXa&EYףzhe[YpUA\0s˽_E\Z_TP\0i$\ZAA>ino5?%0$\']fƔMp1C8\0g=$!&%(VBQrZ9Bēo\\Fn97dH[gkas\nAwUl,1M}#F\"$۟Y9=z;pϥ<`W}Y݈MbZ]1c`ߘo}2O\\׽EI3qqk]Ng~BFJNuxI#֢\\.1~ZqK\0<[\"ϡއhNof!{kёè*8%`YW,q߽z<zO_r϶UʁTZP?5S?\0٩e\r\Z\0yדY]?ZP%k<G:%4L%ݾ@8%nzk3	e3܌`vpZi HS/iٞx+\ZT-岕R\0C^?\05۩\r`\'HVy\rKJJpk[ڀ/!B-˿cǹFpzIEYw5cL֢X?!Ҥd_O_6e9fsS|ppH]lTI([;Ya\'q.1]4&<92\0$n LlZ0M#k9+j̶UU2غsXFVFV4QIm|ԚIoImenG8t\Z_K8WNu|sⱵ9tݰ` [\0R@8ɮjSjlky?iFs5Иj~To7N1ҳ\'WReL\'JrW!a׬ u(d`^:FXzGcEKk2h;OqnEz_aR$OLc9LgiMg:Z1\0*<5GUKwp	cGҵVJBc6JNuPIlhFN1}MXvorX\r> X&I3/VU*^aIܥrΡPD}v/S79+ U4yJG$~hb;ҟߪ\'=3Z7\0x}/}!-,,xT/D<nc뜂q*ӻ&M,~h2H¯95@r7W=_|Um\"26G9 ҢryA|BǹIѶ@OĿIs\"(U=:V! Y<5a^CacW|f/_/\0q^Q$D>LN28gRHoKfcWqqw*yPic<~CNi?V1Hl(B\rFI/ziX۳\'PB\03)\'%]\'jY$7278|v\0\"ԎOUQȝ2+9b*w.0W<@ Ex0sB?T@vJ_5ed\\rݗMYYBVkMǰ۳8ʖ6ְy3թ	Tȏ%^{Ŷa3AQvvdRcNくcUI0{*^tL[棖K L}¥Rm2-W;>F?\nev/B.o722fb#QpE\0ܩ5\\pFOiJT<pH\0V+yI\0+q%IvWȤ*ȋPN8\0\'ߊhHfɕʫ.TWcVk!\0`Љ%@|nbN(|\">0GjIest>U> >LJpCq\0n1\"߹gj)$hB1l>T6II60MdI,qu_{Rj\Z2of\0aMkqnb]qۮR̀NNn\0)`U`4;Xj;-Y4̭E$\nOoU/i#XK_1K-ǥAmK+MQE>`K(C2(;Cڝqmv9U?*_­ٸ |ROʒky.ֻ\ZDj9r5)z|g21된U\0v$Ӝ\'f2[L ڿNhMܨ2d\0oS<ۘcfH&KbNpdzk!6FG6e]}\'I\0RGw\Z}j̚UPeA&C弟/;\Zi*1%U;y\ngSD\'C7#Xa|Sе\'1j,RzTҥ!$S?)X\0fYRf-q,q9+,L \n~*\r4t`$~TEsWbI }3Tm:rYȡe]L\"!ȶGHrT纚`\'*Y\0y+:#tAh8JV6-vM:hwl*ޣ?Jmt#y*6d~Wb\00=tItppy愹gHcI\n}tWKţ4Jmʂ7g>V2);gY,ѥ߀qUR?%Ks-ROJ\'&2!YI]Y9lRHzTek9ǡUdxrcܟ_zͻ-qg}F+4{{MQqt\"kuB>SW\Zi\\]XH[>o;dr֟|s?YG-\'b*\\Z4SL|\'1[Yu7we	BNNP9c\\WfƻϸU޵bbR\"B{u*t<WSsI{h)ȑBq=jUE܄9+UP0CwxOZSoqnmi	=q{<}XEƅY \0*]olYIx\0*(|{3V[YZF܊HdmDEdšXU_5)[mmFk8m-1i[cOҳ݆O\0nVqͨb4K_Σ{2zi*\'Cl8{\Zieؑ!sn=fO%yRM8l?N(NnUʸF4Ji	4=NRA}xjq	DD.NlhG9YC\Z_3#&2NJMDrkVbz\0@I#fN0}}gXEeycrJ<,kF0H\nzW!16\"ua{Xʜ[mcյfKK4o䖎Q%cGbo!X>x<Zɖ]U!wN]AG.fY>]e\0gylU8 c[;ѸRpEzuF/*U}yv淕ʕ<f}Oʹ\"c>\0CY9r>sW,K?-9f#==rN\0n#\ZnDG cV.Ll*+xׇսԬRb{ŀd7W`;LWrINc[\0N9Mh.U-+5ғV6aۊ1,o2cꥯ*O#9NەxnXO8lV\ZCyt/r=~\0m(\"1\nI~u&xW?p/2QĿ/~\"VE9NO\'$KG=o7GC/dqWIo<i,m2Wxg%Xܲ|lWAFh\"ЮRUG+ԚYnuFQSsB[t\"d2mj\0U*LP3G4FH?tk\"J29ov\\GditQ*zߥmxQmz&yƭ#`33sSR0ۏ|Z餒FnL#<n]7H\\U+N6UL\0h\0I4GE9t\r!oR܎MIJ1KrڑۋfrxtxX\\`E렏qx\"*ֳ^\0ש]4;ݢB}T%`bދk>m<ӟCФ	n2dcKm:W[$5V\04;G|rN\r=EE=R2YYzf2*G!8KS#	#$4o??#U5Йz0?9ol.$t\"xmD\0aS(xΝюN=N	 dUUHNO\noH>Ŝ6;HH[lVc?\ZW7_`&cG5%Lh8?s Au9\\rX~tjK+Sk}+(Mr9\'BdW<M\\,9R$/8ʱ\0{<KuFU?Zt,̅PzԆ5!\0*%ASGh7F#Bj)cͅ^r0j0*?7ކw.Cm2:	\'%3ggn!bHA*8%}</S\Zܢ.ɔzv;O?>Lq9}^I\0\nG}Ƿҳ.5!%ȣt}\0{t/F.GrO\0%ItdCبH;ER\Z,O\\Q4&փ6Hё#W	jl(?aEf ׯjȞv;`\0$Էb-\\?j\0@[,UpZ|&6,@zW\'n^kǚ#vOХv&jRFR9?L\\f9x@Ĩ~Rli)4Dv~h#\'60=$~@\0ޞl\0\\ҩK񷗾P:s&C˶<s)cKsA}7?F uBO%Srr[7\nL{ssjMp*h.#c Q]Jd=5.[0D+M\n|P&iG@?\n/.b Ϣ\n)FTeD0~8I#ōIjYJ`Qt?\0^ QܬxhA,y,ܯJ7B^O}0νbuOSc[ri\Z#mvM67*SԎNrW9xi;\rSN@]6;[.̉_ʊ)`۷pp5JjR-HHv\'N=i>(	5zSZWXp,67`9{uϡʣf^-7Fo]+)9kأ݌IR^l ~LDëH8_j\n⣩&SL,P[5;SiDy\ru\ZiwJwzzb^)Q1kmu.s2	&+\"%8?TUvTxq?z;KRMtֶboqǍחZ\"եy mnq\\C7V1kDd9\\gUXK4W2AbH\rgYھQ!|Dj\\kq\"H{-EX#Ni]3ӊcV:3:2*G/C>TڜV7v!ۑ%lD顽mmhi+`V֡r71,W)z\ZIgE:i#5/qnnB{]#k4[DڕW`T{n^ti4esj,(ıi\\eCօ,G+K<Qؑ\0z]߃ۧe^y>POE1<VnT&TSMB}YOcwf\0G?6>|7ڱ-4\nv:)t`{YH@,\'cf	cݷ zÚr}&Ȣ\01bֱ1E\\ZG,>DcvIL\0?>i3?ghD:ۖM擔\"mۏJ:ڷ,=VQA}Mf0/\r`ߺ\n<V)<Gwprjq\0sYY[2mhW KXMi!4 @8Gb_ڭ٣-$eIuojcYd8$qT]OU8uG&2GCjqyk1V,:oP3\"	pY?%˞\n+tpMfEHm\r2H^Xڬ;m5vrڬQ0\0\'Ҧ\n[3L:m,2AjAd\"˩4ĥc\'VHK:4LKu݌y^j5(on\\V!u,UsG&⻉-- ;3cܷ5[dhr>QBE_9Ƭv;v295j~kpj:UH,ş!keR-љ\0cO垍*ƕ0IZ?tb>+R\02;ޛ\"12.5XX(\0`0T`t*=?Ɲf&X{?\\fyk.LWn0e4<I%c\0,0 s]n!X5icnЊWFu5\n38R%&./\"\ZƲ	!+-^T/\";i-amtaz={IB6Q@ܞt5	%9Zw0L2}28pW\'\r<~b,:ՔϖLeZ/(ۓw+O<I4j}b\nud=:4,G \n9i}݇ÚF\\??ҲH9B$sJsm_<Q_*[2{[F@9|J֪[D͂9TMV?!~y?-ծ_y6di7pN#^fs\\&wקOj94DBAwU1O<(ϔ:+Q>n!X\r,OZn]4lw#ȍ/#ެsFN\ZqP$ʞ*,7&bc[S&@ң{D)6z*:ke2)6A;JE%ѪHZ7A,<U&Pz1*Ag~\0w4]MCqF>GK8#ӯI,vJ<,:|R<#E$dQ1de`3TEaӺC\r~NBXHbe1sZCo.HIܢu0,b67.}jWr;OQ	{ FGKz\r#.s#I㎤\0:I$A#\'#oCY\\BvF\'awvIU;;ssɵ\0dt@$>qu\0OP,T2`C\0[ 禳fXʌ5n {*J3g\"\np\n+0ksuKwl˞8Cޝwkcn(3-?04(ofe?ֱXynSոuYpLv/lq}i!\nĞ>Q̅*\0EY6!Wi`0sTNI-.˲@\'<0Y8q]W#Zf#`dUŷU`74jsGLc汏o})[\\/D#v~֝H{^M&?*X䌜l֭EYTJha1S`%\r}kćgsIlOġEen)BJ52J\0XW5lI`}*132@0֬OOM&\nHkZ/_VUZ-nH ,[܎֣-֯j#$\nzuຳdWܗRhGt;[5A*#FF:QKjPē\0sMnI:.m/F\"-Z{tGUЌc=\rw̲U-\ZUBnSd\0p?ո!OZSÚlB3Zc\0l,!N׮\\=xZ4̊1?L՟i\"m\'3HBß+s%l*Uӊc#܆-qP}$D7!+Alu/֜rٕգMh&\'p8R_&3Vǹn!Hnz9s٣8YM5\\N#^Վzp˹D1B}>G\\$|3Ipzv¶&`X: yrghTii:HFxWfy\0kR(:F|t*F)	Ē҆RC8Nֱ0%vc]h]rbZh,+[h\"ي>hY~\\P*K\Z,zEs[ZŸf3c\" o-QE{j.LȪQVV6/]G\ZťDeyYQ{p5R[e&0۲)P*͞9nÞҥ6qMm)\0|0k_HBgwpFuȦS]t|hЂa@B{Ha{nd	X/Xo9]o<1Zea3}\"!1JߌX2BW\0C,\n$weQ֣HQk[+.tqyvdU`<9:lǩ,Фwŷ<y1ZRnUyP;P3>_P)Ę\\(DBPG<zY{DF,s	%φ26Rp3Txvh#F[\nLH!#h\r\Zi${[YHn d`rBc\"ҍbF	pwAq`Sb1[\'jm5bHNP\0 YOn\rhSs>[Æ+_hmTI8	#L_ma*FK50 o~Rd\rl,FcH:\r{ʘ-Xl);pF[XGVn(8>FXm#RkKf05\ra3~J?F~V[iDʏ=B:_9[.OaMykg!9eW=Fyqz%+-\no奍n*`C)P_C|[[H&<|V.K	d\"\0MG3ї[{Npb@$(5SP^-9)\0\\tz&w)[U)ȧJ/amZ<6\nKnڰ+j	5JўPk5W2z\Z箎6HP|p9j6k.H>%͆^{ITy1vF&zf=~h=(iw9˶7zS+A\\mdp4dnDn>S\n4l+қ$1\"/OjdS҈=͐A?dwrF㨮Cմ$2=¬_J䭠hw֒JĂXm9\0SK!7\\F2F5[+v4rq\'\"cc@#?}a_fEՑfb;8cŨCv#EwQ9;IuZgpea>^[BHRI5]%1]2+ukI|+ӄl~cO|JF%N{LU\0\0x0\r]icfe9OBZkr\'1Î5(P&_,\rΉ3]X&%/\"#p?1MpA5eaa֢` <Rhj:$9rzwr\ns8>zWY)qvku,N*: 44\\Dqɒm^k鶫}OGVwQv8%]s5љ#SxW+joC9p<f=F6CG<Í\nHp084lLn3&9?Z-e93.T\0G_~ah@i!pǣi~(Ts_nY>4˵1jx؆$`\\mzK#<SyxoORHanC)\0[yjG΢62㪶KSX}:Q,!/:?3.nyL2ޡ7eu]@댩݅rLHۥbWjv1mX=wc WJË}EVǥmio$}O8:$AzT:˴?[U4`ДF?^_MH9m2`\ZЍɖ4.[$s6ʲe8#Ҙkk_JI>CXưj=P(X$2$x R^9u+)$H)GgV]`F8a^ˏyR~mt	\'iGL8`Yݐ9.m?T\"%ˌ+ljDd܀Q;U]n\'8\\oq#NvcwѺҍ6%Np\0ZnWcӕ\'g,7AV꩘ΛȦ/؉1ϔ_ҵd`$>9/6VICч\"A/\r֜ϔPkDdE5hukeڹƽZ\0O5VFC\'[gЦJxfHuB8&T\"n#g~Gs*[QeVq^gɩQékƲ\\dgHzncu5q\\bXQ~i9\\vwxKXH\r\'oReȱQPJO	MM\"U+`OLӵCW[jBᑊsپ7^!e=2z+Dw\nKT\0צA{=>(mTpyi[޳.}G_\\uLcx#hRҞEl1ۚDԎA@/֕ec0ӋG[i%9S:PI<<|9o@S\\뎕xXk9qI\Z(=X}{Sb7gmq+Oܹ˓E=8Sn\ry֪#7`ď`qj_OĢ:0OA|MGp|yt?\'dEcV=[m64\\K9]Ga#KE\"X#;s>ջk52\'7dEh.-oQJ$*:1G\"S\\~u\\{yOB\r;g}KI!AJsdUmU~^Ƹ%MKiusgtB\nt㯮jdQўUkFáR:\Zk\0h:̲Y-&C<I]\"O}\rkq\"7!ȬlisǤIB5yR崸#rF{(0\\\\>!H{9dEY7g;7\r=\0z&%Rj%l̎:9۩\rk	{gP5Yu۽df9SY1ũ\\$(vdMvổ۰m䷾evGun?/ޠjcyG_b?X]Ğ䞵fz6\"oc\r#<eb|PĎvFvfumJ{k&W$) qVm?z\']&aQշ61]Ք0*,Y-\np?\ny䚤&[KFD V{䜳}x3qiZ֪$r pZWH/8XZ틅gÕ#<;H88!u}^{phlĎ7԰#nzןx[Ċocp~`1L>xwr\'ȁye~_=eE\0k6;iȆK).O5iV\0 {P<K.U`Hܞw59YS*y-~`/M~aT,PNUot\\|Lh6Hv[yF8\\5nR_b|ːx=ifovjۣr	z$\ng_i*{Z}bTs>JiL\r^Dv>kţ;rFpb۷՛aʹeh5QL7̲>W\Z&nԶܡ0q٦vQ\"@\'w8bd`P;Emv;6?\n}>^Hn*íU2nѢa!ܤ>$g\"e+g	cTj%H!WHK#sw:e$0;DW&t{Ԛ9.ekB:$TScR\ZI-Dx?w\\V\\6ɍkڿ/T5,ֳ2C.Gh7þ<woUqqqyosHU	ނ.iudJz}vį*($9`\0:|746Ѽ8=yڱ5y\0g1Ҥ2Gp<Jq)\rTQgZ_^>c5XU\ZBt尪-^a*g=yRVK=NZi0)G#Nkʩ)_PE-,.bFu\'\nϟʥÐ뺉kSaY\0PwGoB[tb51m<oy4[\nr6[/+rIdn#VfȒ	Xث];	UY8Ss5kNKk.]:\'ĥ[\rBjwSV;n?*ڳl:֯]U`GaOqi7UWq#U	<\nlؕ2A&\\\"2Bqە\Z+?mϲR$gҮaHܙUIzleei;\'P̸:in\rY9$!yP:~xjWD܈JjFVN:~tD#:Y>y@1hَ}NT0]J\\yR]Jȟpõcn$c*JԥQP2hepjJb9֚79^$Y4:\rVN2˜TYe\" %Mu^jwIF.ˈϧ4)422: wQg$c⥢,Qerk֥+h¨~\\c5FQwvu#<MఽVvFp=i51nJMe\r\n}Rc1{;W5iqZ\\eR~R]E<P<tV2k\Z-ز0_J]VjGpJFņvenϡ䑣Ε%ӟJ+mVu$\"7nOαcOzˏR$&rdWtZ-4\".ߌ\'MuIpa3횊9Zs\"5N=FP{\Z,#[kVXrЂ$ؙ=}:U_}+DK5RdN?s廚nO5qP_xYV[X3HOR)) IQEg^x+KHY]2TabFqH*()T\'*6i㹉q0\0W[i|Q7:n=+#Vu	슘\\T4%kF7B:2Z1O_WXݺH\'Dj3nۚښ[ۖ\rySKztS^k}>h@\0eYye\0Mĩ)4ʋL5{ZH\ZĻ֠\0$8kҡ;+W-mD#=vKԻVC%ݹA^tf][C(=wPK=\Zu9xd&O5=VW({BǍV]KBG3T&\Z-\'d;18u!ou<+蓰δa׵!.deYqۂ:\ZmenqnYLےO]Aj;ŝů5fdA?CG[Z\'tr[˦k̗SUW;z n|h\nylr~+#ۡfF-?Y▗.>%Otk|HH\Z[[I1Ckx4wg$*G;gV.	^x?C/Z[)kvxY#$^`=ӚEy~T`F^1K\'|?</̅B_v$O\0Hl]pIif茸0_hAǧF->$*ީۇh:ׄwc\r( h|Fe浾 +uG7ĝ|lK223Q~D,͇]d^qV%ּqFW=OMI/> DM#PleuQfP\0H?./\'-ӵF*d_GҳeIm:*:9\r+4ֱK+1<\"Iv%^n=ObL*08ǡK&\nTm}++s\rl:\nQ?\Z\rZݤ\'Z|vu K%vAJڗXo*GU\"|@zUK(9cMh\0щ!)c\0v.E}686Y\Z&b&p@x$W3iMGiF3nܤU+{\0PC,60J_ɍkh\Z͹ME&g}\rR5_fo8z{ZBk0V#9/kusZgч彌49P\0~VGNM.N7ad rAhͨդ}d|\\tUQZ:wc`.g#:i$`;>G:ձD̌& sA]p2I.?5	YXY}NH{/4Anr\Zo&Qp6zNhYuYQx@=jc-:	n7nIJ:LtvI!Iz]kQ7[$r@I<\'_0wZ,r\n&:2c`xl)uʊ°AH~ӊWԉ1;xy6qS*9&_.S!s8\0\Zmң&ps~V3r\Z:H?t\'*\\їMj$mďFs\0Ԡ3\0L$=JKS;vy$T[caI*<LþF*DVʱ۩\0Qk8BTڴ^WPlljekԮ6H#{qc<RSv84fE<9Je`*톢ֳd=}GҩQN+Cn\r֖4+4䶗l<?E\ZDFa}q]htvȹdtHA\"K [$+FGo-JBurl̹	 F\\G{⺥짒Vq)Vg&5պխ6hWyTH=c\ZlZWT\ZiP;2\nxKk}I		s{\\-`,LZa \09qTլ-i\"f}\\&Vy1K:3pAWwAcn\0\\q޼30:뜂;2҂ryAEPZZ{HF}=+4U	|FA:*:erW9#zqsM\\Ztu$_l\n}CY,)Ү\n]&Fb=VB=5݌z`lx;W́\ZBɄ^n|QG=7bxۖȅ ԟʋ*p:8 f$ ^qg9WW\nU+Te-aʃ# X/m\Z)4gOҵ/e[#pdnN:jn;ܬ\0(	#\0Vus`\0\'XjEʌVanOCZGԉd`1w5+3jA\'oǅn\nJ|GȺo@I֥+ŧKw#oKa8Td]ǶzhgUs7R\nd!vJ_ʽ+Wȍoc\0d\\v}˷9ퟥ96OH+@ȗVqlj׵Qp9J5CU<C5HLCޱ\ni:UCW=O`G+H:B3^`lI:ڶ\0Ks/թt!|I\00GGH~W;jAvFCQMf眎[P]ddX>kx,G?ήsMX>O8uȡ\'Ҧ8T!;K)V\"ѤfsΤ8n4\0{SKcip6ei <(@O!/w/58\"(bt68gaQ4I86s 6N*qK9[&վehk.]OIf\")HOIG	\r M\Z\06֏fr\ZNq^JS=#3(]Gb\03GUϡ?ң>-F!  u8j]Y[+Ѓ֩\\u%9GP9RCWV\rn$u%;e8Ncu!z5_XMsm` cg#RiBQV},3Ɍu#illZݵI]w*/R:BVAid%&2VǏֻ8tƂ+eh\"Ü<p3\n::j7msrdRSqA\nPRf&	$j핪\\#+dU Lȭ-Nkbf8V=+nK\ZTI̼Ȼpy=$GDр3-ViH>~x\'JgHR7yFx?^5kL$E,APX\0j[hEĀƻDMTrT1bCL&fipVqRl&`gzUXDeŘܓVHMh)G?Z4F>I$ӭGs\'E]\r7:YZZ}ӒlNGls[ܻrI8=:-|h\07UW&[!v)C\Zȸ3UlHH?ʴQ&V&\\+kin\0@=sSc+9º^dQHʢD? pMr,C<zu#ӃpA\":kói8N?1犋: X9䞝+_L\\ЮǍb3C(X$?\Z7@᎘5\'}]\"igf7 `+*%.@X_Ƨy+B\0<8sꈭgt#d[4S,~ROf).\nDrT_/ \Z-)6q\0UXӑ>-Bd),&V&F߅_2H(xպdS$UmFN:tVdjtK5}xЃֹ\\Vf3ETQE\0WOC	i<\"nwp=r\nӮYrl_:7jw-j_,4>>[<D2\0hKawuR8\"m\"C*Y@HZ#Ōh7FÄD#QԞ?/ƼY[LYS8\n35|Jd`2rrOJxYpjZ-M#ŵKC=0{Vp.rG$cS,`V{R]m=)[\0BH_l$+Sjǽv:/X$G!+C\"*Ig1\r=wjCLݶ181L#ZiA\\\\WS+״ӧ0Eˍ=(UQHʰPEo2POz:$s WV~Y{b{F6m#\";@:-Y Rm+fU/fc\0\nvL@-T6UO^*`P9cԞd&Fg\rKvn*0U8&nRvwJn	1(px5<q5m\\rVڕd\0[5^Fꥐv6@F:U{x瑀PrdnOAY֊ƔhFO`pO#V=\n=qQBÒs\\Jz.k<z7bkvRO=˹g˦a}[Fcg**I=xGn*r7j2TZ+cΓQRs*l\n%$B[nysPK$6YX x1[$Jϼ1MZUւи/53Gژ\0SȾt57\r0SLAO85Xw-Y8!\ZL,t6	(h(Ua]J םS_Ohمib\\OKi޸o02Gڴ-@cCc+E#u.0ϾiQ:*^t*H?UXHHTsYuA	p$q\"y䎣\"ap-ɩ\0j\'85<w;ӏ/&}HXG\'k0\rMI#!P硧cHQqG\0)hUԣg.6JF{9APy\0ǡzLӢ`qPid=xBFfjn\0+UbjH\n\0>H18<45oH8=*OSTh\nq]Zq\"r6+`FpzO5#ҤGZcqdhn1H̡5>a`z!PuV\'9ʤf\n2ƪS\\J;)N\'@5#v}+V\rEe<t$?\neeǀw:+ܚ9jiRQ&JKy`[k\'.263ע^+խJRe&D>Ƿkʶ˺2k:-=aO\"	H8k_]=BD\0$s\'{1Bzq5YPޜT`c҂\r\rkoޤ7ł\nR0y]Ίc ŷ\0E+Daz-J%rVVCkWzK1:i֍`켌C˕pJD_f;>ꤐGkQeݕfj9&$x157ԉ`7Jԃ{4F\n˸dZm_델$/=̒5-6b#fMB:XSX\\@댞\ZZmm)]K|cج%Դ_1 \\Z<[U$]Ajc,k\Z̜^3\\]żҴS!W^ԵaE rbyzOK^8h\0Zy[<A|q~yNcvU*X^IƷ$-7XYww^\'e\0j7Cr5	] p=+\0A^.vdtv(<k|TwxwJn6y\0b\"C<jn}$`y67gDIqnx1;W~Ƙs/ﴝb?>d,>韥g*th.nkmOL\n?ٵ]I71sTɔ::(zJǽdקVz5묒]Z9+|.H\0|g)X4)h94y\Z3\"V<@I	jkA@>wc^K}~ӂ݆NklxN\r~ʽGJɲ6B9h(XM嗀[ZS6I<.Q{ TOjvR\\EAIu!O)\'MSQ)?vN:I6OZR+c\'\r!>HvoD%e-Ө[*$@Z늯6ec܋Oj$`Ys4P@VC⠂)y^c櫽~|+89-NTVfR7/#5##ڲ5|UITyV$lgEh09Xc+ɜHV@7ILLK3cǨN*]Z)EL7W_1\'4<SC<&$⁊Tjc{5\\j7\'N%QRNJLsKEP5r\Zն<V%08B3F1JS<rHC֌ZRD}B>Jo<{O_έM\'\0{י}s	9q9r/{U*83Ѕgj\ZxN\\T(q,2 \0eZPDO3Tr\\Y)l|#\'班s9T-Wc2cqEɳ5@#hʰ ))*ȧ6\r\0ҹE#tKc!~T6\Z:vܱ6X>ڝƮn=jmOd*=.FI\0OӜ\Z-JR5Bd6>\0DC9Gz%>eųFGNN1OIR}X\0H=\0΄+\rCֱL%\0k9dƪˎW{SrP#	$F!\rqUmV`3)3\0`O]d0J9\rpjoBn\'1$\0>	ۂ}MtZt+UetSֽfG\rF:ח͡ESPGB6#rѢP3W7;\03gOJ(-O2ǐxM6nz2}׬#qeLG+5PXldOaZYRg:T@>ƭj\"\\~<K:}j\Z\"=iA 7cH2qZ6#rA>˃k<FmQaF5?+>ԄmivW׈G I\'ڴcAnPW_$Lݿpm6ȶsU+$1e\'=C\"y`c\rmM|EbAq}ҿQ\\nũ߇K!qӏjX~O^9AAl$:7A[zTF,#/>ƅU qk>%aJ1p8)*6V)S0k\'޻/znm![?+Ǿjl\"^2Wba^^Ko.BՈ8NEjXW\\,,A\\Fr)IelF9:rnwO0;WɆ\'oIL2\0fNpAgpj_zT޲U@Rw\"Y\\uJxVIo,F~쫒{~5QbеyrK0 Ӹ%fD#V})BۊȜgn2:ԿllE3C;Oj+[Q֢tN:ҰXglSn@\'r{\n4H4`P ,IҮ\r/<ڱ4c#4C(<bQq\'󦙔V<\0?=jk]\Zy`#j2J)#+y$U36c6p@#ܣ(>	`3XnShm`Xnn7КOMͨ~+o[Pv[mrw$KLW8aOw^@[ӂ+=ykv;H7\"BG\rkfGC\0\\TRZݍ!{$0[p\n}MTiL|TKYWor0_o%9;`}3TYYX:̋,ñ$agb\rITFwq԰\r̲\0IR;VSqΚ$&Cxr}jc-ϱn\ZhC*d6֜(1YGXH&p=Nk^S/\0u\"\\r2OjNmth\'g{؂ڨn]%ysq+̹fٕ) *7>St)ccFJW]dyHR29\nO4`=8jt|g}8qEh%JdFT#*CPc֠	W;bA򕦜L~UC<qH/q8Ar=Lg\0ˊF=rx4D\nţS5#1Ce^{y4RM+Xm-Oki5p[dGI\'t..^X`GP>&cb 1\\RbZ@&)1\\Q@4QKPܜ\\DAITXmd+uhWi!N@#1$DЮ?t6ii#J\r,1Es֟wk+#i#1nhMN(=~)bhe.8Úe΁:>G3J;{{8L>r5^4\\yC#\0zoz̵c<Wi%\00><n<\\!\Z<Cf\Zebz\'#kXٝݷK<ȱa8ՁYI4/aAa\"i_O瘧1+kQ\n9>&}*>@9RGҭ[֤n\\vHhbyY1~s*I%OJL5)ah\nJ[e㑄IYϭZqghQ?v)cY̤Hڵu\rFʠwjE7؞ߓUҸ}ng7kͷF=H氄-\'M+X#N]Z#;EtT[K\rN*\Z3&<p\\Jxy\'aͱR#26NI9{AU\0Ŷpy!qQu\"|/Ƥ<݅Ry\"+l+jCg	}˒ApUR٭Kr{5fm尵یLۥX3ss[P\09:R\rH#`GPhӒ\'flzg<qcX,u	AڲӎWV)̐ <׌Hʄ1Oow`!eO5}€I6\rlrsm5.$D+y>m(\'Oԍ47pHCOʎ:Kc[gj$f>/jm&hխ\\h9\0\n|MF0>#dk%>S}jﺑΊY!@V[^9w:SⱮ|i$h\rH<2#:yhܜPYUK\0m)67jP|Aq\"\r.??ZkrXd\0*:jҰ`pd8T/\"\0ҝsl	 3(Ucg\"gLwǽ(9[qY26?+0yٷ*AN\'[(Q==OaV\\wj5;xIxpG3xl>\ZgTүtkkqpVC\nǏwO0~b8U	$qw)KMh0qLL^NjQˇ*Hb2I#lcEq|[\'˧;JsΠ=y+ko5UQmfƊ\0&QfI!ao(J$C %n0FA4&\'T]?`\0hw5sy\"@<q\nvvmo8Џs͓{sZ&ы1iKۉ8^ы uRasݹ5=8\r8wq{RrtVV<S8aq\'J֎&eEnz}}*\rX饼%xnOo:UDqP0W;>E`::Vm+T61wqCqގ`uԏ+Zo8\00aqxjq >nq(+@w\'E4]+^D>bpՄukx5\\4d\rlS޲m<]46tظTxIfR7gqQf/#COohv`gQ\\ve`H$TAo8ǰ=M	7dzK +oԓFNcPk:pAegV/q+Bpxhm;qz+QT\"p@MU  %Al(,jt䙝TJ7q]48\ZU5u\Z3Qwg}Z\'Dvw֟m<?ϥ#qQpZRHvzwvTt.4ox3DuyRQ@b`{rEu~%`5e4ϛk)E\0tnW/iFa\rNUV+n81Ʊ7//\'m&Qkq{-1#zL,yl\0s}k{@$2Y}g[XE|7Ij+{>7e$!F^e41g!q[-]<4i)̻ibLRQR3Ƞ\0LP1ފ1@XIV	*2T\0Uo3GћQ@̯8$S$2[B?.rP֠`DIщqZzL,9}Ee\0Jķc{^#C](~\'5-g=t~/d6<aG֋4sT4XثB?>k์*pz=E\nPI\'\0)-O]Ld4v[U~dV{wwAmNrO5^кpf)뷀+66\".s)V]˸53G**`3SW04vXդf/Ow\0U:E<WUvJJPzaGVc.YFI9].}(?v#yݻg}\n>&\0I\rKFxv8Sf:}4\'.>CWt_E|,L>rݎch䉌Rw=_OֲX`,AC<:KGdum{Qo6F,eel$\0hTBg<{ԞtKm%їwQA1O7\\^#LX`\0Z,u1o\0\0w*KKBNSkR{x٥d_~EF-FA~SBYesUG\'a>:z\rۣ\0|$8ZfHQLd`Rl0[pn#;?ZAkܙ1\0PstV26ұV,;pF?´<b瞞	lb;jH2+#Ziٗ*s0A@fjpn!قU*0>i\\[y%ԅ&+&08Vy>]%H\'f6Yrp:}rc_j\Z\rwzkyy3!\0ɭfc\"miڄ_Dbͱ@S\'kr}3޺kKmM\n$\\(~T6ew\'굢f-ܐ\"yjlқ|a0y\'U-KͅTs㊴ء\"I|`֫2I\n.(W;R\r$jŔ\0:W.?vE5\'2FϚڹ?krO5_<2L;V\"ۚN~jc\n5.;T56%a J\rG0d\'nGg+V0lfݷJxQ-G{m&*Ã9=R.\'۷6?CTw)(oN1E%H}\\;=+^<%,\r牼=A5f@LHZ3Ud dZҴKe9/v8$o`5o[Rc\Z!K2Ѓ҇}Ⱦ_+}iy\\d9e\'#.\\ͻV#1N.\",HC|<b$\n:ګE72d7ONqZ{T|\'A\ZʛaEUm#n0g\ZcL`ӷQ\\,\nT	(d`\0\"v2F0RIΝ7bơ;U1\0\n)\0[<njsr!`cWpy%zA#wQU=d#9Q8AlyP*!o,;<Ïo#\03Y\"#|$TRwy=Uf;{}ۊЁV1Ú(篥+s\Z]2h;CsT&ap|Ԍ͖9U{U.bCԬbkKeH9Eo>=6MCz\0#YGjV(U#(5	,f3=hp*>}|1Zʤ9\n|9L}G\\\Zn\Z+XzgѮ5Dbӡl|Hq^lE#:\0ޢU}F[tT0A*Ɗ$kXi27EwR)ͫGP؊F[ʴ/^\"KqI;	IG1Zd9G~E74qJRrQNh8)(Nil1\0Szbdf;9nMX:fm},Q2;Nc( c*we*vjѕ+޵TDIB90ݎpkӞݡ[M9U[J\"-\r\'wCW@|e6 wкotz-ˬAuuR&~`}Ey4b_|Adp	=]5!+B2z&\ZMkRI\'T$Lky*)vaa]ae y]o謡$DҺf硽m#\nΟ*gV=QNF1\nyv_\0P9.8:BW;_,|`5٠F+Fz`ȤzUPzbRRJ95AG8/(x_cmq3;3ld*X\0=\n]ʵnԎGr6f		A;zGNU\Z%v\\*3iM[imsǌDr%z`vTܻG\Zx3z@\"#I=nHA;Q*D$,h9.jcnc+`\Z@kh/\\0\\JO89$`)¶A\Z~`;}j\rנ:XW!\'Ag<vѷH&B2:դ6p5s?\\O;kCJ|~4X#Y݆y`@5XB($Y<ߕl|G;Ed\'ِ1+dxԲhX!,q(/RMRHQ_-\nh<T]Ɏc,7\0#LIbk|u\0ixE[޼xqT^de  UuYJG;j.):Th,\"[uzgfdvzga5\Z\rGzS+F^llUpኒʣn[\0*pÿoc.󸎧7һ%Ď×sN\0k9n-!tAO\\XdT8q&l-\"\"(}wǥ.g<_Jʥ>vŠƼbOһk?EmEF$.hmlv;j3Dvo1NGݑT2$wǓ׮w[E	Ya\nM*\'? G򠫞O߷ҭ\rU%A95gI50$V`G%xܧ)],n\'02ĒpW^A{=sT9*OWAeG4s+U4᧸sCzzt{JfU0&/zqK#\0?O\\§P0?MyνhzWh?0zVN͙R\n	$W 4X)8nˊPئmz2/j/t~<\nԙ<QU`῅C)>Tsg(fFWLI}>=V84unة(,ri\04Sėcc6h%bB1\"џzPd}^En#2_p=N>cRuM\0Gosʟc[vhnGR+NMOoE92p3ЎmB7&$0{T `w]v;gt!q>km)l8$JV+B@8zSjw#)siSq>ޭ%{ԩ\Z$MXyFjǔ;RyHYP;Nm>\';[ҟ>1XWxTe.;(\\q&%GM˿>USw1gcӢ(D2xБFK8so/v3rkɾX]_My&<@bFoVE5W/=6F>D\0}+:+Inz;-p89kE[M/\"\0to[yeR⧡##3WP1}u=u̒7r?\nVï]k\n\0y;)\0Rn& rO)~X&C\nNVF+j$xMnZhuI&yarNϥEޜzݚK#n͆@=W\ny SQ(句Hʡ$)AQCp2%|ڤW%?xJG)%aHuǿm$ +[x˃8ku,7\"EEX.O\\{Աۇn;\'zWQaΡ608EmwE;_khۥ?y}sڳN̶MX@\Z)?=xӢY̫\'jA^cc}Q@<[_C.]NVg&Ud$379+f\'wX_xt[l#<ʽN=y6=*{&2͗\\d\0{iSI<`q\\nxiV(2F)a.c,K\\-%-z(¹6R^xU|F^\0κXh$PӰ8LPWo8˯,Az>ETX[~Ҽ\0Oɕ5fdNe!Cy&.,:IkR\0֪W*ַ{IBjޛM:ʌ:Jh1[160W\nϙwJYlHh^J\"Ȫ~nG!OOdbz>!hRE;#;*o{qUI8֤%}8>F$J{M7VUOҳ98lxf.d,cy ʁ-@_4\'*ͭԩē0<Unb \riߺ`/!nj,V$v2P6& \0}hDN{( @.<{woʚHF6^Y9~cԊW/}Rߴ\0 \rK^ǎH\"6«KW4?~)UJ#\"?\n6cckRäjpG*s³DL=jC$xzևs^G<x,IhrH6m\"qFn.@XدF\0\'{*#2M3Q<.JvC.@AB3oBX=8˨\\,\ZHYdy}ׯoZbϨOҲ\Zy!9ڸ\rG{,:vq(A\n85MeS#w1@0B\0Qd\"Ks!< oV_1@럥VhYVIOօ\"(<֤Yy9i8R+}$om\0fy:;PuV\0cC-J#;.$60J\0{ԗ5QQ@jXf1HNhҵ9JvrVCǽwVe\'m?:tH[B7@imjmLn3>XcԿ{I-ju:&<zs3:><p~Tio\n9y#5;P=:Y[xnmrOY}IlκHׂ 5GWRȟ>\\J]|݁,:.z~uq#)8rO73z+[6Pi/(GA(GVvgci\"eϛE~oa\\Ʈt \03\Z͖̤^Қ^w14$%45aHa `߭Gyw3yI\03:@MٗE40\\MhܭicE$WAebs0]؁\ZM3oSf\0}+py	\Z#3ȃI5{)ZxNp=Eew?OZknܡv*\\u\n-PWe{{ۛ<n1]\"G%$}z֗bhw*12lU#FҁCtH<7Tw8`TnڼT,zע|SKʪCyk+\'V*Q\",t^6n֟*~E?*smnO5n\0[D2W㸪[O<VZEշS#\"՟U\\ͱJ*8Ҝ0HлFMwr5bvg]ؐC ~ϡ[rvUH3l~l\0kӿ_?6B\\wrH>^S8]\'Sj+\'h\r:IQuf@@9k_ZW,#ܣIXaBZܟe-ͣ)8@MWK\0U7O\"~?s8֞E>H>I[䍊sEmYZ5ʼnU=858 qZkYjvv8\0\nRVA̓c{u+k`bIXiG˔IKP9+;;&:}+fK[8M&t0GPlV)ݔBârEP{+&3/>_ߘtb]\0GV_IgBq$\0_a|#1?\\o<2:bB{d@<.ErT]IOG6`UvqBN8U;xgt\'鎕vAmVelr*Ұ#qɬEh}ܩs$f{⸁dT6]4jG-Z|wZFyq(l^3V]{% ]ҝaWYWv=~+=+\r`xÉ酁UV9dH+<g#7NTܒcU)D:KPW[(hÑQU.VE=2zV_J4+(ϱ\':Yt,0 FӅsZw|ʲ7ȣ߭@&EyKm݆})\\\"a]iV/I!#\n?*8mR)Rx`Nj\0[쐏0F$Gaֵ35)H&3:$ڱPpo9?uz\'-(aN7VXsU<JphcgaUڒ`ѓ+\'!y\'jnen}U#iɢ\r~-n8\0ZY5Nk.J8$+Nb9N+Y#ӯXL&~D\'kNc`~v\0yvUx_^\"`by>eSO^-~c]ናF)s6D;\"r#-\"am\\\r:Tw2O˷r#FSacöqt28=jmy9?ʢ҆N3[A-7awucK~C9sQn&n\0RXƢ<凶92^gl]s+֤E #r:je2-SjHՇNEʶFGܜ+54fp`r~jKt(#?K\ny+#^)w*^MHJ~i/B<r*ڋXJ6TjHN;랕Up]\0UÆ*0==@Dc,3\\ESyKq@٧mx#0~Uj91:ң`-HDqDI\03D-ʀ>d$؊R<tRGT\0zg<w6hQ*WքZǓ˻X9 `\0;k2A}FHAS^զ[kՄʷJAK}2K?{E9a }(h-J\n0]ދtMB~oA^yml\nFzAiTʸ<TXrcil_*=ꜷD.Gcڨ}\Z9rv#ۡD)!/A|8D呹\n#c+ˀ~UFR`Go#!6N8In6ŌYw2n>V66-KWvqjCSXJ?ҊM(ϝZVeXܓVWoC;rj4V#OQn,kLh74Jz`oˏj\0{/>6ՖNNx֠i>س4?:OeOB5.\ropw\nsIn;[VzW\0\"&rp|ֵ[KKTWD15Ұ%ibXO|ZĿo~񽣥g*qLCלhel\0zצTGb/\\WuHTt&P]L3ӊ`|]au_L#q{=8ngդO#iG5}ʕfAjNl4mOSyxk\Zͨlc%٣vDD@\nq\n6<aq;bэ1a@U~\0]\nHuEi\'т:BH}jiyZţZHFbc\rWg(Az1.}J酻}$%6$7嬑wps=S\ZZ]b\n\'m]jWU9uҡ(ĦV:uB{Osl1VL9ʓ Gj\\]Z$d1dA?Y(v]8K{v®3X֟O?OC)nkr((3	 F5v8cIIK.>y<mm\'\0T㙭bP~/B	mxeA\0CexS\"8nXex\"Rlc\0\Z<$Z\\\"\0\"p\'=*fh\"C7s|H%#֮4lhc+\02\rVyM	Wb#1\r8.P0(\\Z-Fށ*(|@YEym0kjB0W\0uK;qnֆqveIH@F09v(}8-Gs`5hx8ߖU\rZ⪴;`܂a2p+Fіqr\Z`hn.\0$j+xq|+Qїs\'!MF%`O^ݿ$[Zm6p2b`L2zdtHԴ|?}oاQ9IXRa:KVKit\'O΍Kn`56rf$sq;U;P<3!^1],:3|%XuUeAֺ[P91\0Wh*LRMSyr}9R޵k]\rFl:W<]巺\r3y`df13[qzUk=B8pۡW[`P)\n*ȆCw\r6H!H\0N\"vpd@TrZYk(uSBL;`}eA\"3=)QpxیEi4Y}pNj[KB`b\n4OD2P ]\r(Q ̧\\ZU,18H]0[8ـ`F=\rq0AҶq:ڐ:nUt20oLMRVzq Q4xٔ$H<M{`S}1o;үi\"I\"\ZsnyE;X\"t>w l#ӚV$N:kۉ|ոB<\0nSzhgќe͛ܬO9hH\nՈe$!Y\r^1gWXxkKtK4h<<d3ּER\"a۳]|i6rFH.S21YTm-\nZ.<{c2\r4@|.6kGM̈VDՐ|BIM!H*zSEqL޹%]xеcY㹺y5]N:Nkoo2y~>dTi`1\"99gY\\*,qN\\I}\r7O@[=EC;#+#&˲@ml>Ԏ7)Q<S	s&\nܼtnĎGY\'Cio\nF	~pO+w*T?wi+=ߋh>P\n]_1ϺHָ)e6\"\\* M>pjofiʏC6\n%BɬfhQw\nk4	⫴h1~vF<W	e88>J8dKi8\'&)8V-6Gg\rdQǾ)Րi^A$Υ2_bM\";hv~VxoH(ɮr	]dO}h{{G>lH`{hr\"7/<{V7t?T\0qj28ai 9kRż̟gC1.21UM<;Mv2,]N4F69?rQ^&p`{qZ2fb-U7h4KE1A<S[ֳ+05-8,xGj/;_ea\\_=G`:Q}plĬ2AOֹ6mE[Qm%{\'ڊMюJgdr\0LY*RzgR=O$bנ\\\0]X\0Ja\0rsҺsXILbTt4gͦ),z|?ѫ9Xcݫ\\\rw\0.BO\'AUei]<5g>_JZSaU}3[jgu\r tc1FPOs]yOZbY>BNThh\'\\ҲN\ZX41NQXS$]G>Qa	U-mљ\"O>id\Zy~Pz[~/yD-dd}H@N\0/Ƿ)+YKo/ :M!ܬ,rI} i.1!8p?w7\Zf)fd A\rqZ]$g`z]ώ.`r>y&i(&ZZaFEHгkibݬfj1>UīrAB63CWz\0im5/ܨQNT`[޸}Z7.WKkVi^*܃2.c+H+ިFN=.SuFy?v}A\";0:X\Z=C>}E\r\\mrF+[p`Emj3I,!BEtC4#oS]\00Kux8}Z4)5v3׬ahH01?ƳbRPL7f: -ԄR`9@WV<nzr1\0&;H԰;ssl?el\0	؟EbiYC(8Oљ!+R	i;Hl׏^=9wp~`@т1ОgӖketLi|1ڼgH\'ܪI$W[{cd]g8p:|+oYl0}\r~#?w\rd>rA{#[wo^aMW_{U`qRmq362yj\"df9_5jB@xj9%*{uZr͕đMS=1ߚ[$$&3;OL5QvXtϡ])5i7I$jTs߿J͑cpH38tVsx72l^\nV\\َQƔR-Cty>_Cm\\CGSUXT)ü>:n;>4n,u[kveDO8r*lQ6_\\Mu Venr>גDLL),qr=R)|OZ4RO9c8:;xnZiIiy>Yf=i-Fbr0v$v=)<=C.QrQ;\Z.̫:{-bX!]22\0dg\rp?ok:S{wa*uǭ]DD<{a!_ߥGD=[O9VGyf$\ntNsW]Ia3D\0%>~C7ĘDlsm+4O&f)T#G_R`fv2[}t*	!QR%ʅ8C~u9s#{|)@YR\\\0ꭿhwIqV\\!G\'Zr*YCz9+HGӂQmIUxR$f@BӭsVz-^0㯽ywRt)ɕf55i]F:g@>oRj9hy/0dEp\0{~+c<K(>SxuψG$(R_,8=\\Im&*˳\\nRN%!Ϸ\\)(TxG#]Yk=ѣX\r}q$lC229E+ʌY֝,|0	V!&1Nuaq+Erۛq]4j^E|u}ʿx9w?JӲ.-d\\nS&&wrf;8mPޘPxrm\'܍Ҵ2\0ꔮfc4_JЁkfM=FT:sUI\"\0I_o1M2]&i(:*Z~(eK?\n~K8\03܃(}=&%SZҵCAoq`oz̶хٙHt\nc*l|Զy.s)<}jXhrvvpdZ1q[˻ c(@#O5hp+DcI?Sr,)!=\nYk]\0l׃S\\`JÈĆ#3zbOӊmiB&óF\0\0<V$cҺ{!҆G)6t\0q\r9{[\\GT\0Dɫ\n:Aз4;0$,=Hҽ\\GEKD&x~)b8kJDcK(ڡ&ʺ38qR2lIt60UߧJVڋx\\UrVF7ϥmg\Z9m%葘qO̜tL]7vu\Z	qiGV6&\"2$~THEm\"))<W#d/-!y#k}Nzhni̳ٮO1DN7cdiqZC!Z)G?\Z?g֤x/n=twfrT^b#5x~̞4SO8?jYZIuSRc8&F()SA;V6Zh9eR[9%Hge`T]Fwm֏{Uzc)a-!U]\ns^AlmRۮfqyuOqs{$2\0x{O_z2ϖgM֫1H\nJcZln`,z$8*p{\Zgh_r@1 u\rL*=\nLpLd`+u;\'gp\0H\0߇s|D\06X67VBjT>.j)XsZoR2!0J%ݏVzÔ߿^4iuB\nr=+дF	{)(W)pG<RZ@\0R:cs]\rqEjqEnmBcBpNpE&p=x\n=DC&-ӎEH|&GAJ{	L+rPpiC	ߛZZl=1Ga.gooqD2Ǵñelq\r]2HaЁ!ÌNb]G0*g\"$\0Ou\"\0FeF\r~ZV5Ѭ\r+h$Q&>6_pP3F\r0@DR$h_}~<[]Bф\0Jjy]Uc>fcճzލqn\'O\'WX/9}©Fc(U_[|C\\TE:ym8W2 {<UT\"C!nukYy 3ךΡ֖L3*sY`yJF$B\'?oib-lʲǱVN:;ֳԡG&6Z\\ztG|~uvFi=KjEtU.c皴X\\[$eQcI2N23W!SnYÂrU%o˹nFT*?ˍT2[Qdhek:#KָkQiWsb+?XwW4-w\\rsXd	C&{s<W!?©\'ͼg޴5Y$q\0,gkЉբM0ICVn]@U*\'4VuS]G4K3pa\\3d_-{s͞asǸ:THP:o*r~#RľR!H\0p[βl,n-_)Ob+	\\*7\nM#:{#mbkH.\\8{ඉ;C3ct;D^v(Rǽi&fsZmc֧P֩j]P㐤6Z̠}W$k\ZrzrբO7}BI73UaUyJ-mtr?½skəCm*?S0a\0/l[-Q=Di.w#8R]+΂D$>;zV%.aߑxQfOSe9V2xN*\'BZWD<ѹ\r3IV.EtɀOhڴַ㑷ְjxg6]=Wʃx˚Yf t۷W2@=H2m$9& m2 0)UY(8 f<\nc)9a!4$ӠF88\0Z1&?q8$֧Zx\\F37h|z}@V_PU??\'k|vڜrS\\,GYF i<Ѭ~aAk)b1P&JI@=7V*b($#޼ēM3cƖJ&m+aYN&YH`xƵDa<̱1~r#@2?\Zjcjrra󞙧?;՝_I}iEz՛}4v JzyK˺hvErf|}hoU-baJך){B.s\Z]o\ni}qZ9̇\n\\UTa\n-bV(tz\\,27\rWGo	wfbN\n8(wȪ~ZRﴘxBIXȱ\'	\0\ZAֆmmq	Qid\nwn?inCř}	s6uhZ|\\GU}]Jy!R܄hMn\ZǚLֱ·h1s+wok\0Qll+3NPF\Z̎	bz娚G\\,jH̀zcǭ:Sr=!BL槎EupCE=\\3OZ!́0;X|PnimF}l<]s&vsԊ\rzzhphPEs&OaP]]x5Mk̅9\nr܇Z[nv<gx\'qټ`8*#\\\r6=ZͶq.fl2kiKtr,H5iaI;XdVs-kм[%)+~糲LkecF2J\";R1Gg%.G-&K#Ln8mCĀ\0\nglYD$hdl\'Lp,~ȌfMWQ]6zȌD+I$,fkbZh\0]˴iw1=4K?ŝ׎\\(N[Q: qVU3) M5Ý+u+2Hq=iyB1XN	rG=:\Zpѷ\'V Y$rCu wv& VOP;U⪣h*	eB\rS.CdFcBp\n%xųٻ{]J=`oÊ͖P3`7!Eg*ve(60\\y=Dg\0vsߊI&_ֻ-\nF!0zTƼ\\*n*fhJ}y銊KTk|g<qWZСpFZQiX8	rH=Eѵ<vGtT\Z(d*9]5WGhm`?xfp\rN%S!f֪OS#(\0nɦa\'YS$,@\")ԫuڹL6O*}n]ÊK8V-T	ݴ/b%-M;3Fc˞GMVvGu0{ʳ4!xQCqxȭrB	gsr7:Vlۡr5W$ݸy?jҙ@@D\r+~uG+*;ƴ1d;2)rˑ^GfӒi(Ѕk`r?\nڳ/	^MݱڅЎ$YN0IT}z\0sjyL<vT}?:dEdo$	](H:P$THɓ,vگ]- N1\Z42ti]3lc]1mxղg3	q,Y\0bAzWIۗ/+ǷW9fkӴk2>Z72s}*%q%Hw3\n6{Hm3mY[kDˆMv۾k4ZA0\">]I/ިs}[Ҷ]YY.\ZT}ȩඒgiZZS4F:c![zTLG$ҵt5ؘ޴ aEer*rM~Ԋ6Rj)	w^U3\">qYnq#H?yryBTsְJ7K(v<f,.]xeē\nA8SǙC\'9^	ylafd~Pk\"`~\"nSb\Z:A3MnOj$ͷhԬ7q$X)H0l=?:khiFxȩ-\r\'lv{]*l2#0Vu=wHi8SXyN~	jK>مuܻ=ijacͯ\nn	+f1N֒[\\\'ߍϸ2\\͹8{rqXxVvsbTM\ZHN1jvR(1^Ebi*$_Mr)n\0%\rflhUH\'^*Ւ`t#s\04_LH溍&rU@:n=1T[-扢~r;>Ѥ2ۍޜd>1 2L$MȔKܐJ6H[1_7$cҚrzFXr*[m\r5+5L03vurKrD\\=J+$chFW9_7Ro63ww+ѯlRXt?q##y:w2=hBJq;\nY.nգ=-ǆҲ9<T-:}#XRmE޾;[K{fL*OW5<1%ir9˸W9nͽRHWG8=E`X	`$,8\rߚx.,\\</J3Jm[	(=Uk}*g[].rݾhZwE|\0{\rghui^Ur0ZGʼȸ/=Jqdʩ3K<\0ZsPVG-H3t~N;W=s\\yӴc\nCAڳ(>._nizfIc1~4U\nܩlz,y[ppF ]Mi$u4*,`ry=O\0ZM˕5<`?hs`DJ8Zv^ֵLť[Go7-\0^Q|Iv)\0Lە/̦mI$xhqЩ0<_Evp02**͵p\n}E1%[vpF?J`*ʓڴa2`^;kWOXx=8i1EY%qyPN;8B&e	.=`%㔱>C\'B}k^P@bY\"rG\'osFtVs7hݏ^֧.2sD䜮rAϯLY*#puZȝ6g\0H@>SҚrGJǓڞWdK\n.i;\0p6u8M1 w5n4HW$;tnM?/ٌPZ⻘UڡZAKV(p\n5X+HKs<h0Eu=؎en28SPIc\0fa<,}+ŝ*Q;^\Zg[GAp@1ֻ[~a^J|nQ4Y\'(jyFqNQ-̍!h;?y.trV\'M49ڪUʄaN\0pq#v=+3\Z&̳qZX&dnFӚkj?>|pN*K3t瞘YR8 گj6Y\08N٪yJ\"bM¾Ql$y\"F{g߭mX36g\"i	\Z1J_54y2[vh	W;ܵ<HDm\0ʈKuAH}I6٤W.W8ǷTFdj3$\0\r\'.Â\Z+HuT?Zdia!lEhi[Jlf/XL8?5}*}*JsVApk:oe=I=?Ұ_S]2؟z;*nqWo˳ @\r=V+wYG\Zo8Qk7ǎ85].N0WWE@&1|3Jum9c8gysPօ\r.f\0?ɃWcll!sq5Ѣjpes(\n;]vڙ\" rzk:@TE3}ЅJ5&(XZIt4B£ɬ{vmwQ7yhh\rBg?ֻkk\'*3=kͭKc\'ڽSjsA#}çQu 4#\n)i)[}!ܓ\\s\r!.j\\a$wZhf!BW8drSҧeb:8d.WA\\\Zg8eأk\nf?BGgVM3n>VD6)Gi\\zӞ5݅ j舗\nɂOcYqkld\0q9]<6Bq0qTܟSj^x(\"G,Nt)hCBT4@l uB?V4\nTx<Fy bŚ5PK\0r0:B0:chy$~w:#J}	\\4Dr1ֺ	m<ũ۲6n7zOֳua#M\Zq(^sW1Zkt~6#qr?g*Ʃቬu9m#؊̲HoG*iSȯA=0x#W[yv\0\rkN32KT]y6|3#$c?.&h\n3y7]~sDLY\\t .A8n}hM1\'\0=nRX\0rp3;tO1ړb֨|~@w.\'vG0=dzZEqG\\u4U4K]h-^rdt\'՝F#,[*$Q+	NwV>,6`grYo\\E-lYc]eyUe;Ux44j^NGZC(3:m.wYO9+Ьt<mt·v9Ј-\Z$kC#pZ?x^Aʛ8>Մt-P{+\Z\Z9P>vKi9d$JAmmy\"\rlbn&9Zf\0dvZe 9\'I	ޘQijJZ.YaB,^L	!6}jux\nT{ښKC~rz\nm7[*75Z4@Y$+eFvI#<Fw\ZhD2\rC%Q~W#Bl@S?)ls1tU$$W䕀VŤ}~!UIs$Ԇ9fI5;F7*n9UaK8`W8fvLry^yz#Y[$dSW\Z4<|g1q\0s1!W#nT\\\0\'NX3lGBx1ަ+ ,HMQ<dA\'ZEvے@AWL.%/pSP:Lȏ`#OA-Ζ+[fr)p\"C9#\Z[\rGØf\'ҨfdM\\3(eR:=>zKwVoqc}abiٱT	;1BfPUx=r*q*U|⭧,,d\0(V.`q4%60*~llƱ}#GoLhLkhL$$?.}+6+AuXu[(/ߞgԧmò;:{YmɾU\'c>Uod*q\0?ƫ1JZtuqE(2[Wo`#PrF3\\ak]^\\@ȪlKwfsvWYjЇIN:dTqC$	Mh\0zÒ&sHP1Wm/ODWf!p$kzi:+*Uժ kbsҹ-N(LOB+ռ9knPGR5q4P(Ikaبl̬#$\\I\'P!؞Ưeb!wn6r	cL-іRQPG_LJ払4Q6O<Ҡі4Y^Ջnœ\"oX18~}lpDI1h>\"AliWe8ڮHM+?|tA8RYym-wfxYygam)>hrO֤Kwg$j`Oε\"Ax#bI%9	\0{je1f՝6CqjWRiaH\0\0AC<W9I+bvc4٬:l\0[#3a=ko+O:Af,SPZn(p xsOY`,d@|4|)4gk{E3ёCv{U)s|ũS݁ϻ#gƪ[ha\Z\0c?Wzt(Ȟi_OnkJ[q9p:CZN3)0$By-hHW83k^]$EU<~\'_%F1\r\"$/8R:U޶)li]2HN!f\"RNQ~詰oG#ePQ*IQYݚd$n#f\0J4*Elҹ[ܟnT\Z\\N[.ge1Z17SYS<ZIKEjIxBău6k5&_O{iսk:C#$,}3W%.=Jɨ>\\}*#F\"㚊$SC?0Q!+\09^)Ge-0.,iCʎ\'#i^o\rHɬۯ\nަY\"s\\d9fFO޴-N2GOågDX2΢0E1СN@:Xor; \r(|=q447$N+Hy([<=uZtKo/@,c>@E+$\0ŇLs]߆`a1|d-?ι-\"L[;miUGVri\Z!WeS~EKwbSA7\"E+c1ܟtҚ)r\\\rrHh1}`E\\%.t65tde;TFLȦsMfş5CtA-c֣ir2jq4b@rw\08&[zpPK-<	@x知ԃ\'JUeFpH^&$멒OU-G|d8?Uiʊ* a=QEA&^AOTeՎܐgErǤOͦǫn?O׹:o[IL؜TY*$~QDAdl~Q֋U)!G^QJ@juV?ZAEЎ?XU8GN٨k04 hXH18$u#qA\0\0\0sEO `SӥiTܮ~SǊ(-nukKsZmq\'X梊ڿvK91RUO\0cM6A||=h[m	J!;O֊+N/vg_a\nyR#@8B\0qxQ@;]+})L:Q$˒Ov\Zg6\0EޯT;_(k9\0yߚ}+In]Hb0r9r9],oEܵα*@RFTtV9!ߚ(Ƌs[f*pB֮#\'QXDv`\0ˀzf+dg ,}?Pǹ&)vЖ\'<Jxq4Q^cJ?	#\'[-()lrU\r؊<MP$sp$ފ+le\rȥيV\n)q!_H\ron?\n.80:ӓE>#z;֖]AEʾ#y,Spc<QEP\rnՓr=Tu|av11ڱ\'EȂYiQQ*<DCr1ފ+:Ĵ!5\"s*SvGt%<Q}Tя	خ\nS>Ab\\>`E)ҨGQ\\ޏQUD@aߏ\Z(r185TET\Zt#ҁ)1U~颊dڊ(');
/*!40000 ALTER TABLE `doc_attachment` ENABLE KEYS */;
UNLOCK TABLES;

--
-- Table structure for table `document`
--

DROP TABLE IF EXISTS `document`;
/*!40101 SET @saved_cs_client     = @@character_set_client */;
/*!40101 SET character_set_client = utf8 */;
CREATE TABLE `document` (
  `ID` bigint(20) NOT NULL,
  `CATEGORY_ID` bigint(20) NOT NULL,
  `BODY` longtext NOT NULL,
  `REFERENCE_DATE` date DEFAULT NULL,
  `DOC_TYPE_ID` bigint(20) DEFAULT NULL,
  PRIMARY KEY (`ID`),
  KEY `FK_ca9kxi7v4rp2xa05kwudt7y41` (`ID`),
  KEY `FK_nt62273n2chy9xq4klgnuycye` (`CATEGORY_ID`),
  KEY `FK_jav5b86ih8suia5hrrl6byvr3` (`DOC_TYPE_ID`),
  CONSTRAINT `FK_ca9kxi7v4rp2xa05kwudt7y41` FOREIGN KEY (`ID`) REFERENCES `content` (`ID`),
  CONSTRAINT `FK_jav5b86ih8suia5hrrl6byvr3` FOREIGN KEY (`DOC_TYPE_ID`) REFERENCES `document_type` (`ID`),
  CONSTRAINT `FK_nt62273n2chy9xq4klgnuycye` FOREIGN KEY (`CATEGORY_ID`) REFERENCES `category` (`ID`)
) ENGINE=InnoDB DEFAULT CHARSET=utf8;
/*!40101 SET character_set_client = @saved_cs_client */;

--
-- Dumping data for table `document`
--

LOCK TABLES `document` WRITE;
/*!40000 ALTER TABLE `document` DISABLE KEYS */;
INSERT INTO `document` VALUES (35,5,'<h1><span style=\"font-size:13px; line-height:1.6em\">&Alpha;&pi;ό &tau;&eta; &Beta;&iota;&kappa;&iota;&pi;&alpha;ί&delta;&epsilon;&iota;&alpha;, &tau;&eta;&nu; &epsilon;&lambda;&epsilon;ύ&theta;&epsilon;&rho;&eta; &epsilon;&gamma;&kappa;&upsilon;&kappa;&lambda;&omicron;&pi;&alpha;ί&delta;&epsilon;&iota;&alpha;.</span></h1>\n\n<div id=\"bodyContent\">\n<div id=\"contentSub\">&nbsp;</div>\n\n<div id=\"jump-to-nav\">&Eta;&nbsp;&gamma;&rho;&alpha;&mu;&mu;&iota;&kappa;ή ά&lambda;&gamma;&epsilon;&beta;&rho;&alpha;&nbsp;&epsilon;ί&nu;&alpha;&iota; &tau;&omicron;&mu;έ&alpha;&sigmaf; &tau;&omega;&nu;&nbsp;<a href=\"http://el.wikipedia.org/wiki/%CE%9C%CE%B1%CE%B8%CE%B7%CE%BC%CE%B1%CF%84%CE%B9%CE%BA%CE%AC\" title=\"Μαθηματικά\">&mu;&alpha;&theta;&eta;&mu;&alpha;&tau;&iota;&kappa;ώ&nu;</a>&nbsp;&kappa;&alpha;&iota; &tau;&eta;&sigmaf;&nbsp;<a href=\"http://el.wikipedia.org/wiki/%CE%86%CE%BB%CE%B3%CE%B5%CE%B2%CF%81%CE%B1\" title=\"Άλγεβρα\">ά&lambda;&gamma;&epsilon;&beta;&rho;&alpha;&sigmaf;</a>&nbsp;&omicron; &omicron;&pi;&omicron;ί&omicron;&sigmaf; &alpha;&sigma;&chi;&omicron;&lambda;&epsilon;ί&tau;&alpha;&iota; &mu;&epsilon; &tau;&eta; &mu;&epsilon;&lambda;έ&tau;&eta;&nbsp;<a href=\"http://el.wikipedia.org/wiki/%CE%94%CE%B9%CE%AC%CE%BD%CF%85%CF%83%CE%BC%CE%B1\" title=\"Διάνυσμα\">&delta;&iota;&alpha;&nu;&upsilon;&sigma;&mu;ά&tau;&omega;&nu;</a>,&nbsp;<a href=\"http://el.wikipedia.org/wiki/%CE%94%CE%B9%CE%B1%CE%BD%CF%85%CF%83%CE%BC%CE%B1%CF%84%CE%B9%CE%BA%CF%8C%CF%82_%CF%87%CF%8E%CF%81%CE%BF%CF%82\" title=\"Διανυσματικός χώρος\">&delta;&iota;&alpha;&nu;&upsilon;&sigma;&mu;&alpha;&tau;&iota;&kappa;ώ&nu; &chi;ώ&rho;&omega;&nu;</a>,&nbsp;<a href=\"http://el.wikipedia.org/w/index.php?title=%CE%93%CF%81%CE%B1%CE%BC%CE%BC%CE%B9%CE%BA%CE%AE_%CE%B1%CF%80%CE%B5%CE%B9%CE%BA%CF%8C%CE%BD%CE%B9%CF%83%CE%B7&amp;action=edit&amp;redlink=1\" title=\"Γραμμική απεικόνιση (δεν έχει γραφτεί ακόμα)\">&gamma;&rho;&alpha;&mu;&mu;&iota;&kappa;ώ&nu; &alpha;&pi;&epsilon;&iota;&kappa;&omicron;&nu;ί&sigma;&epsilon;&omega;&nu;</a>&nbsp;&kappa;&alpha;&iota;&nbsp;<a href=\"http://el.wikipedia.org/wiki/%CE%A3%CF%8D%CF%83%CF%84%CE%B7%CE%BC%CE%B1_%CE%B3%CF%81%CE%B1%CE%BC%CE%BC%CE%B9%CE%BA%CF%8E%CE%BD_%CE%B5%CE%BE%CE%B9%CF%83%CF%8E%CF%83%CE%B5%CF%89%CE%BD\" title=\"Σύστημα γραμμικών εξισώσεων\">&sigma;&upsilon;&sigma;&tau;&eta;&mu;ά&tau;&omega;&nu; &gamma;&rho;&alpha;&mu;&mu;&iota;&kappa;ώ&nu; &epsilon;&xi;&iota;&sigma;ώ&sigma;&epsilon;&omega;&nu;</a>. &Eta;&nbsp;<a href=\"http://el.wikipedia.org/wiki/%CE%91%CE%BD%CE%B1%CE%BB%CF%85%CF%84%CE%B9%CE%BA%CE%AE_%CE%B3%CE%B5%CF%89%CE%BC%CE%B5%CF%84%CF%81%CE%AF%CE%B1\" title=\"Αναλυτική γεωμετρία\">&alpha;&nu;&alpha;&lambda;&upsilon;&tau;&iota;&kappa;ή &gamma;&epsilon;&omega;&mu;&epsilon;&tau;&rho;ί&alpha;</a>&nbsp;&alpha;&pi;&omicron;&tau;&epsilon;&lambda;&epsilon;ί έ&kappa;&phi;&rho;&alpha;&sigma;ή &tau;&eta;&sigmaf; &kappa;&alpha;&iota; &eta; ί&delta;&iota;&alpha; &alpha;&pi;&omicron;&tau;&epsilon;&lambda;&epsilon;ί &kappa;&epsilon;&nu;&tau;&rho;&iota;&kappa;ό &sigma;&upsilon;&nu;&delta;&epsilon;&tau;&iota;&kappa;ό &iota;&sigma;&tau;ό &tau;&omega;&nu; &sigma;ύ&gamma;&chi;&rho;&omicron;&nu;&omega;&nu; &mu;&alpha;&theta;&eta;&mu;&alpha;&tau;&iota;&kappa;ώ&nu;, &iota;&delta;&iota;&alpha;&iota;&tau;έ&rho;&omega;&sigmaf; &mu;έ&sigma;&omega; &tau;&eta;&sigmaf; &alpha;&phi;&eta;&rho;&eta;&mu;έ&nu;&eta;&sigmaf; έ&nu;&nu;&omicron;&iota;&alpha;&sigmaf; &tau;&omicron;&upsilon; &delta;&iota;&alpha;&nu;&upsilon;&sigma;&mu;&alpha;&tau;&iota;&kappa;&omicron;ύ &chi;ώ&rho;&omicron;&upsilon; &eta; &omicron;&pi;&omicron;ί&alpha; &mu;&pi;&omicron;&rho;&epsilon;ί &nu;&alpha;&nbsp;<a href=\"http://el.wikipedia.org/w/index.php?title=%CE%9C%CE%BF%CE%BD%CF%84%CE%AD%CE%BB%CE%BF&amp;action=edit&amp;redlink=1\" title=\"Μοντέλο (δεν έχει γραφτεί ακόμα)\">&mu;&omicron;&nu;&tau;&epsilon;&lambda;&omicron;&pi;&omicron;&iota;ή&sigma;&epsilon;&iota;</a>&nbsp;&pi;&omicron;&lambda;&lambda;ά &delta;&iota;&alpha;&phi;&omicron;&rho;&epsilon;&tau;&iota;&kappa;ά &pi;&rho;&omicron;&beta;&lambda;ή&mu;&alpha;&tau;&alpha; &pi;&omicron;&upsilon; &sigma;&upsilon;&nu;&alpha;&nu;&tau;ώ&nu;&tau;&alpha;&iota; &sigma;&tau;&eta;&nu; &pi;&rho;ά&xi;&eta;.</div>\n\n<div dir=\"ltr\" id=\"mw-content-text\">\n<p>&Sigma;&upsilon;&nu;&eta;&theta;&iota;&sigma;&mu;έ&nu;&eta; &pi;&rho;&alpha;&kappa;&tau;&iota;&kappa;ή &epsilon;ί&nu;&alpha;&iota; &eta; &pi;&rho;&omicron;&sigma;έ&gamma;&gamma;&iota;&sigma;&eta;&nbsp;<a href=\"http://el.wikipedia.org/w/index.php?title=%CE%93%CF%81%CE%B1%CE%BC%CE%BC%CE%B9%CE%BA%CF%8C%CF%84%CE%B7%CF%84%CE%B1_(%CE%BC%CE%B1%CE%B8%CE%B7%CE%BC%CE%B1%CF%84%CE%B9%CE%BA%CE%AC)&amp;action=edit&amp;redlink=1\" title=\"Γραμμικότητα (μαθηματικά) (δεν έχει γραφτεί ακόμα)\">&mu;&eta; &gamma;&rho;&alpha;&mu;&mu;&iota;&kappa;ώ&nu;</a>&nbsp;&phi;&alpha;&iota;&nu;&omicron;&mu;έ&nu;&omega;&nu; &mu;&epsilon; &gamma;&rho;&alpha;&mu;&mu;&iota;&kappa;ά &mu;&omicron;&nu;&tau;έ&lambda;&alpha; (&gamma;&rho;&alpha;&mu;&mu;&iota;&kappa;&omicron;&pi;&omicron;ί&eta;&sigma;&eta;), &pi;&rho;&omicron;&kappa;&epsilon;&iota;&mu;έ&nu;&omicron;&upsilon; &nu;&alpha; &mu;&pi;&omicron;&rho;&omicron;ύ&nu; &nu;&alpha; &epsilon;&phi;&alpha;&rho;&mu;&omicron;&sigma;&tau;&omicron;ύ&nu; &omicron;&iota; &mu;&epsilon;&theta;&omicron;&delta;&omicron;&lambda;&omicron;&gamma;ί&epsilon;&sigmaf; &tau;&eta;&sigmaf; &gamma;&rho;&alpha;&mu;&mu;&iota;&kappa;ή&sigmaf; ά&lambda;&gamma;&epsilon;&beta;&rho;&alpha;&sigmaf;. &Eta; &epsilon;&nu; &lambda;ό&gamma;&omega; &laquo;&gamma;&rho;&alpha;&mu;&mu;&iota;&kappa;ό&tau;&eta;&tau;&alpha;&raquo; &alpha;&phi;&omicron;&rho;ά &tau;&omicron; &gamma;&epsilon;&gamma;&omicron;&nu;ό&sigmaf; ό&tau;&iota; &omicron;&iota; &mu;&epsilon;&theta;&omicron;&delta;&omicron;&lambda;&omicron;&gamma;ί&epsilon;&sigmaf; &alpha;&upsilon;&tau;έ&sigmaf; &epsilon;&phi;&alpha;&rho;&mu;ό&zeta;&omicron;&nu;&tau;&alpha;&iota; &sigma;&epsilon; &sigma;ύ&nu;&omicron;&lambda;&alpha;&nbsp;<a href=\"http://el.wikipedia.org/wiki/%CE%A3%CF%85%CE%BD%CE%AC%CF%81%CF%84%CE%B7%CF%83%CE%B7\" title=\"Συνάρτηση\">&sigma;&upsilon;&nu;&alpha;&rho;&tau;ή&sigma;&epsilon;&omega;&nu;</a>&nbsp;&omicron;&iota; &omicron;&pi;&omicron;ί&epsilon;&sigmaf; &sigma;&tau;&omicron;&nu; &tau;ύ&pi;&omicron; &tau;&omicron;&upsilon;&sigmaf; &pi;&epsilon;&rho;&iota;έ&chi;&omicron;&upsilon;&nu; &mu;ό&nu;&omicron;&nbsp;<a href=\"http://el.wikipedia.org/wiki/%CE%A0%CE%BF%CE%BB%CF%85%CF%8E%CE%BD%CF%85%CE%BC%CE%BF\" title=\"Πολυώνυμο\">&pi;&omicron;&lambda;&upsilon;ώ&nu;&upsilon;&mu;&alpha;</a>&nbsp;&pi;&rho;ώ&tau;&omicron;&upsilon; ή &mu;&eta;&delta;&epsilon;&nu;&iota;&kappa;&omicron;ύ &beta;&alpha;&theta;&mu;&omicron;ύ &kappa;&alpha;&iota; &pi;&epsilon;&rho;&iota;&gamma;&rho;ά&phi;&omicron;&upsilon;&nu; &sigma;&chi;έ&sigma;&epsilon;&iota;&sigmaf; &mu;&epsilon;&tau;&alpha;&xi;ύ &nu;-<a href=\"http://el.wikipedia.org/wiki/%CE%94%CE%B9%CE%AC%CF%83%CF%84%CE%B1%CF%83%CE%B7\" title=\"Διάσταση\">&delta;&iota;ά&sigma;&tau;&alpha;&tau;&omega;&nu;</a>&nbsp;&delta;&iota;&alpha;&nu;&upsilon;&sigma;&mu;ά&tau;&omega;&nu;. &Omicron;&iota; &sigma;&upsilon;&nu;&alpha;&rho;&tau;ή&sigma;&epsilon;&iota;&sigmaf; &alpha;&upsilon;&tau;έ&sigmaf; &omicron;&nu;&omicron;&mu;ά&zeta;&omicron;&nu;&tau;&alpha;&iota; &kappa;&alpha;&iota; &gamma;&rho;&alpha;&mu;&mu;&iota;&kappa;έ&sigmaf; &epsilon;&pi;&epsilon;&iota;&delta;ή, &sigma;&tau;&eta;&nu; &alpha;&nu;&alpha;&lambda;&upsilon;&tau;&iota;&kappa;ή &gamma;&epsilon;&omega;&mu;&epsilon;&tau;&rho;ί&alpha;, <s>&alpha;&pi;&epsilon;&iota;&kappa;&omicron;&nu;ί&zeta;&omicron;&nu;&tau;&alpha;&iota; </s>&omicron;&pi;&tau;&iota;&kappa;ά &mu;&epsilon; &epsilon;&upsilon;&theta;&epsilon;ί&epsilon;&sigmaf; &gamma;&rho;&alpha;&mu;&mu;έ&sigmaf;.</p>\n</div>\n</div>\n\n<p>&nbsp;</p>\n\n<p>&nbsp;</p>\n\n<p><span style=\"font-size:36px\"><span class=\"math-tex\">\\(x = {-b \\pm \\sqrt{b^2-4ac} \\over 2a}\\)</span></span></p>\n',NULL,NULL),(42,5,'<p><span style=\"font-size:16px\"><span class=\"math-tex\">\\(x = {-b \\pm \\sqrt{b^2-4ac} \\over 2a}\\)</span></span></p>\n\n<p><span style=\"font-size:18px\"><span class=\"math-tex\">\\(\\iint_{a}^{b}(1+x){y}\'\'\\)</span></span></p>\n\n<p>&nbsp;</p>\n\n<p>&nbsp;</p>\n\n<p style=\"text-align:center\"><img alt=\"\" height=\"85\" src=\"img/w4tj_logo_35.png\" width=\"85\" /></p>\n\n<p>&nbsp;</p>\n\n<p>&nbsp;</p>\n\n<p>&nbsp;</p>\n',NULL,NULL),(45,5,'<p>Lorem ipsum dolor sit amet, consectetur adipiscing elit. Sed augue nisi, elementum cursus volutpat et, mollis ut risus. Vestibulum pulvinar leo vitae dignissim tristique. Fusce consequat volutpat risus, sed dignissim risus blandit vitae. Donec consectetur ipsum tortor, id aliquam risus sodales eget. Duis dui tortor, fermentum id sollicitudin ut, auctor sit amet nunc. Aliquam pulvinar nec risus id molestie. Praesent ultrices tellus ipsum, quis adipiscing tellus viverra nec. Ut euismod porttitor erat. Sed quis sapien id est faucibus aliquam. <span style=\"background-color:#ffff00\">Curabitur ligula purus, varius sed lectus et, commodo molestie ipsum</span>. Maecenas vestibulum orci id dui malesuada, eget lacinia ipsum convallis. Aenean accumsan libero velit, sit amet egestas orci aliquet tempus. Maecenas a elementum sem, vitae scelerisque nisi. Sed ut odio non ante rutrum ornare. Fusce dignissim vulputate scelerisque.</p>\n\n<p style=\"text-align:center\"><span style=\"font-size:22px\"><span class=\"math-tex\">\\(x = {-b \\pm \\sqrt{b^2-4ac} \\over 2a} x^{2}+\\frac{x}{y}-\\oint +y\\)</span></span></p>\n\n<p>Aliquam erat volutpat. Sed consectetur quam ac nibh viverra fringilla. <u>Suspendisse potenti. Nam vestibulum felis in enim porta</u>, eget cursus nisi dignissim. Interdum et malesuada fames ac ante ipsum primis in faucibus. Aliquam a orci mauris. Lorem ipsum dolor sit amet, consectetur adipiscing elit. Nulla id consequat tortor, eget iaculis ante. Maecenas luctus mauris non leo hendrerit consectetur. Nullam ornare vulputate arcu a pharetra. Aenean risus leo, lacinia vel egestas sit amet, pretium at nulla. Morbi pellentesque molestie orci, ut vulputate velit sodales ac. Sed vehicula lorem enim, eu aliquet urna egestas quis.<br />\n<br />\nAenean vel mauris in tortor convallis dapibus accumsan vitae nibh. In hac habitasse platea dictumst. Nunc et felis id est ultrices dignissim a sit amet ipsum. Curabitur vitae ullamcorper odio, feugiat rhoncus lorem. Integer eros dolor, laoreet sed quam at, tincidunt sagittis quam. Morbi mattis volutpat lorem vitae tincidunt. Nam eu mi sed diam convallis facilisis. Morbi ac viverra velit. Praesent ac odio vitae urna accumsan rutrum at a ante. Nunc tincidunt leo at feugiat pellentesque.<br />\n<br />\nVestibulum nec lorem quis odio molestie <strong>tempus</strong>.<em> Curabitur a pellentesque risus, sit amet viverra felis</em>. Sed condimentum quis urna at condimentum. Maecenas quis est consequat, interdum ligula eu, tempor nulla. Aenean sit amet metus et elit sollicitudin aliquam. Proin pellentesque magna feugiat lorem iaculis varius. Integer tristique, enim a lobortis ullamcorper, augue justo eleifend odio, varius condimentum sapien odio vitae sem. Cras vitae tincidunt nunc. Nunc id justo ut lacus pharetra pulvinar. In fringilla vulputate est, vitae pharetra odio sagittis et. Cum sociis natoque penatibus et magnis dis parturient montes, nascetur ridiculus mus. Praesent in ornare nunc. Praesent lobortis diam vitae faucibus facilisis. Proin ornare iaculis urna vel porta. <strong>Suspendisse </strong>quis elit at est porttitor accumsan.<br />\n<br />\nVestibulum nec dui ante. Aenean eu ultricies ligula, vitae aliquet sem. Maecenas metus metus, pulvinar id eleifend eu, convallis eu lacus. Mauris pulvinar tincidunt turpis, ac tincidunt elit hendrerit at. Vestibulum tempus mauris vel arcu bibendum cursus. Duis eleifend lectus non lobortis ornare. Quisque a tellus eget justo suscipit eleifend. Sed mattis tempor pretium. Fusce libero sem, ultricies vitae congue rhoncus, interdum id ante. Nullam mattis nibh at quam laoreet, ut tempus elit ornare. Nulla erat velit, interdum et viverra sit amet, molestie in enim. Etiam vitae metus viverra, auctor massa nec, tristique sem. Integer laoreet aliquet mi malesuada pretium. Etiam ullamcorper purus quis odio euismod bibendum.</p>\n',NULL,NULL),(48,1,'<p>The following equations are represented in the HTML source code as LaTeX expressions.</p>\n\n<p><strong>The Cauchy-Schwarz Inequality</strong></p>\n\n<p><span class=\"math-tex\">\\( \\left( \\sum_{k=1}^n a_k b_k \\right)^2 \\leq \\left( \\sum_{k=1}^n a_k^2 \\right) \\left( \\sum_{k=1}^n b_k^2 \\right) \\)</span></p>\n\n<p><strong>The probability of getting <span class=\"math-tex\">\\(k\\)</span> heads when flipping <span class=\"math-tex\">\\(n\\)</span> coins is</strong></p>\n\n<p><span class=\"math-tex\">\\(P(E) = {n \\choose k} p^k (1-p)^{ n-k} \\)</span></p>\n\n<p>Finally, while displaying equations is useful for demonstration purposes, the ability to mix math and text in a paragraph is also important. This expression <span class=\"math-tex\">\\(\\sqrt{3x-1}+(1+x)^2\\)</span> is an example of an inline equation. <strong>As you see, MathJax equations can be used this w</strong>ay as well, without disturbing the spacing between the lines.hello world</p>\n\n<p>Νοφυμ λεγερε ινθελλεγατ ναμ θε, ηις θε δελενιτ πρινσιπες, περσιπιθ σαλυθανδι αν δυο. Θε σεδ αθκυι μαλυισετ, ιν συας ετιαμ σονστιθυαμ περ, συ λυσιλιυς σαλυταθυς ηας. Ιδκυε μανδαμυς φις συ, ευ ιυς μοδυς αππετερε. Εα κυο σωνσυλ μελιυς λυσιλιυς, νε φελ εσεντ γραεσις αππετερε. Σωνσυλ σριπθα σονστιθυαμ μελ ατ, ευ δισαμ δολορες ρεπυδιανδαε σεα, πωνδερυμ εξπεθενδις ατ κυο.</p>\n\n<p>Κυο θαλε ομιθταντυρ εα, εξ κυι στετ φασεθε σιμιλικυε, ηας ει κυεμ ελιτ. Ωμνιυμ αλικυιπ σωνφενιρε πρι εα, μεα ιδ ομνις σλιτα σαδιψσινγ. Σεα εξ κυωδ επισυρει φιθυπεραθα. Συ σιθ ιψυμ ωφφενδιθ, ειρμωδ ορναθυς τωρκυαθος εως εξ. Ιν ιυς ειυς σεντεντιαε. Ατ σεα κυοδσι ασυσαμ προδεσεθ, θε σεδ αδμοδυμ σεντεντιαε, φιξ υθ κυαεκυε φευγιαθ φιερενθ.</p>\n\n<div style=\"page-break-after: always;\"><span style=\"display:none\">&nbsp;</span></div>\n\n<p><strong>Φιξ ηαβεο σωνφενιρε ευ</strong></p>\n\n<p>Φερι σολεατ περισυλα ηις ει. Κυο γραεσω ιυδισαβιτ εα. Μελιυς εξπλισαρι μελ ευ, ηας συ σανστυς αδιπισινγ. Κυαεκυε περτινασια ινθερεσετ συ ηις. Φελιτ ασυσαμ φολυτπατ εα ευμ.</p>\n\n<p>Δυο τωλλιτ λιβρις αεθερνο ει, ατ ομνις ηωνεσθαθις κυο, λαβωραμυς ρεφερρεντυρ φιξ ετ. Σριπθα περφεσθο κυι ευ, πρωπριαε περσιπιθυρ θε φελ, ηις ιψυμ περφεσθο συαφιθαθε ετ. Ευ δυο αυγυε κυιδαμ θχεωπηραστυς, θεμπορ περσιυς ιν σεδ, πρω ευ σολετ μολλις ελεστραμ. Ιλλυδ λαβορες εως συ, μαλις εφφισιενδι σεα αδ, ναμ κυις συαφιθαθε νε. Λυσιλιυς σριψεριθ σεδ υθ, φιμ ει φοσιβυς σωνσεπθαμ, ηις ατ συμο κυανδο νολυισε. Νομινατι σριπτορεμ ιυς νε, υνυμ χαρυμ ασεντιορ υσυ εα, νο ναμ μυσιυς αδμοδυμ ασυσαμυς. Εραντ αλβυσιυς φολυπταθυμ ιν σεα, σλιτα ανιμαλ πλασεραθ αδ κυι.</p>\n\n<p>Εα μυνερε σαλυθανδι εφφισιανθυρ ναμ, πυθενθ ωφφενδιθ ατ υσυ. Φυγιθ ρεφερρεντυρ εξ φελ, συ σολυτα βλανδιτ ρεπρεχενδυντ μελ, ιδ εσε μεδιοσρεμ φολυπταθυμ φιμ. Ευ ευμ ζριλ ερροριβυς ρεφορμιδανς, περ θε μωδω υλλυμ μωφεθ. Εα σινθ πριμα σιθ, συ ηας σαεπε πλασεραθ σαλυθανδι. Μελ ιν δισο μωφεθ ινφιδυντ.</p>\n\n<p>Ιδ δελεσθυς μωδερατιυς ιυς. Φασερ ανσιλλαε ατ δυο, ιδ αλικυαμ αλβυσιυς ινφιδυντ ναμ. Σιθ ναθυμ δολορεμ αθωμωρυμ θε. Λαβιθυρ ινσωρρυπτε εως νε, νε πρω ρεγιονε ιντελλεγεβαθ. Δεσωρε δισερετ σοντεντιωνες εξ φις, θε ιυς αλικυιπ οπωρθερε ρεπρεχενδυντ. Μαλορυμ μανδαμυς φιθυπεραθα εξ σεδ, υθ νυσκυαμ τωρκυαθος περ, ηις ιδκυε ωμνιυμ μωδερατιυς ει.</p>\n\n<p>Θε περτιναξ σαλυθανδι σωνσεθεθυρ συμ, μεα ιισκυε σομπρεχενσαμ νο, ευ υσυ αδμοδυμ χενδρεριτ προδεσεθ. Τρασθατος πρινσιπες μει ιν, φιδισε εφερθιθυρ περτινασια κυι ει, αν φολυτπατ τρασθατος νες. Δυο συ μωδω ζριλ εφφισιανθυρ, φις πωσε θεμπορ φασεθε νε. Οπθιων ινθερεσετ συ ηας, αδ υσυ σαυσαε φορενσιβυς. Ατ μελ πλασεραθ φασιλισις, εριπυιτ μεδιοσριθαθεμ νο νες.</p>\n\n<p>Αδ ιυδισο ασομμοδαρε εσθ. Περ ατ φερι βλανδιτ φιφενδυμ, εα νες αλβυσιυς δελεσθυς. Φευγαιθ ιρασυνδια ελαβοραρετ πρι νε, συ συας σινθ φις. Ανσιλλαε ωφφενδιθ ινφενιρε ναμ αδ, ηις ευ ελιγενδι φωλυπθαρια δεφινιθιονεμ, σεδ ετ σολυτα συσιπιθ ινφενιρε. Ιυδισο δοσθυς τασιμαθες σεδ υθ, πρω ιν γραεσε σωνσεπθαμ.</p>\n\n<p>Ερος τωρκυαθος σωνσεθεθυρ ιν υσυ, δυο μυνερε δισθας μενανδρι ευ. Ναμ αν θαθιων φολυπθατιβυς. Σεμπερ παρτιενδω ευ εσθ, αδ περσιυς λεγενδως υσυ, μεις λεγενδως σωνσεκυαθ θε ηις. Δυο θε πορρω περσεσυτι, περ παρτιενδω ιυδισαβιτ εα, πρω νε φιερενθ περπετυα. Λιβρις φιερενθ σοτιδιεκυε ιν φις.</p>\n\n<p>Μινιμ προμπτα υθ φιξ. Ενιμ φιρις εως υθ, λαβωρε πλαθονεμ εως υθ. Δισο αυτεμ δισαντ ευ μεα. Περ αν φιφενδω ραθιονιβυς αππελλανθυρ, σωνσυλ ινφιδυντ λαβωραμυς φις αν, μει εξ δισυντ πρινσιπες.<br />\n&nbsp; &nbsp; &nbsp;</p>\n',NULL,NULL),(83,8,'<p>&nbsp;</p>\n\n<table border=\"1\" bordercolor=\"#ccc\" cellpadding=\"5\" cellspacing=\"0\" style=\"border-collapse:collapse\">\n	<thead>\n		<tr>\n			<th scope=\"col\">H1</th>\n			<th scope=\"col\">H2</th>\n		</tr>\n	</thead>\n	<tbody>\n		<tr>\n			<td>sasasasa</td>\n			<td>dsdsdsds</td>\n		</tr>\n		<tr>\n			<td><em>dsdsds</em></td>\n			<td>dsdssgfgfgfg</td>\n		</tr>\n	</tbody>\n</table>\n\n<p>&nbsp;</p>\n',NULL,NULL),(84,5,'<p><strong>Άσκηση 1</strong></p>\n\n<ol>\n	<li>Δίνεται η συνάρτηση&nbsp;<span class=\"math-tex\">\\(f(x)= \\left\\{\\begin{matrix} a_1+b_1 \\ell n x & ,x>0 \\\\ c & ,x=0 \\\\ {a_2}\\,{e^{2x}} + \\frac{{{b_2}}}{x} & ,x<0 \\end{matrix}\\right.\\)</span>&nbsp;<br />\n	όπου&nbsp;<span class=\"math-tex\">\\(a_1, a_2, b_1,b_2\\)</span>&nbsp;και&nbsp;<span class=\"math-tex\">\\(c\\)</span>&nbsp;είναι πραγματικές σταθερές.&nbsp;Για κάθε μια από τις παρακάτω προτάσεις, να βρείτε ισοδύναμες συνθήκες για τις πραγματικές αυτές σταθερές&nbsp;&nbsp;<span class=\"math-tex\">\\(a_1, a_2, b_1,b_2\\)</span>&nbsp;και&nbsp;<span class=\"math-tex\">\\(c:\\)</span><br />\n	(α)&nbsp;<span class=\"math-tex\">\\(\\mathop {\\lim }\\limits_{x \\to 0} \\,f(x) = + \\infty\\)</span><br />\n	(β)&nbsp;<span class=\"math-tex\">\\(\\mathop {\\lim }\\limits_{x \\to 0} \\,f(x) = 4\\)</span><br />\n	(γ) η&nbsp;<span class=\"math-tex\">\\(f\\)</span>είναι συνεχής στο&nbsp;<span class=\"math-tex\">\\(x = 0\\)</span><br />\n	&nbsp;</li>\n	<li>α) Να προσδιοριστεί το όριο&nbsp;<span class=\"math-tex\">\\(\\mathop {\\lim }\\limits_{x \\to 1} f\\left( x \\right)\\)</span>&nbsp;όταν&nbsp;<span class=\"math-tex\">\\(f\\left( x \\right) = \\frac{{\\sin \\left( {x{}^2 - 3x + 2} \\right)}}{{x - 1}}\\)</span><br />\n	β) Να προσδιοριστεί το όριο&nbsp;<span class=\"math-tex\">\\(\\mathop {\\lim }\\limits_{x \\to \\frac{\\pi }{2}} f\\left( x \\right)\\)</span>&nbsp;όταν&nbsp;<span class=\"math-tex\">\\(f\\left( x \\right) = \\frac{x}{{\\tan \\left( x \\right)}}\\frac{{\\left( {x - \\frac{\\pi }{2}} \\right)}}{{\\left( {x{}^2 + \\frac{\\pi }{2}x - \\frac{{\\pi {}^2}}{2}} \\right)}}\\)</span><br />\n	&nbsp;</li>\n	<li>α) Για ποιές τιμές του&nbsp;<span class=\"math-tex\">\\(x\\)</span>&nbsp;η συνάρτηση&nbsp;<span class=\"math-tex\">\\(f\\)</span>&nbsp;παίρνει τιμές μικρότερες του μηδενός;<br />\n	a)&nbsp;<span class=\"math-tex\">\\(f\\left( x \\right) = \\left\\{ {\\begin{array}{*{20}{c}}{x{\\rm{ \\alpha \\nu }}x > 0}\\\\{ - x{\\rm{ \\alpha \\nu }}x \\le 0}\\end{array}} \\right. \\)</span>​ &nbsp; &nbsp; &nbsp;b)&nbsp;<span class=\"math-tex\">\\(f\\left( x \\right) = \\frac{{\\left| x \\right|}}{x}, x \\in \\mathbb{R}\\)</span><br />\n	<br />\n	c)&nbsp;<span class=\"math-tex\">\\(f\\left( x \\right) = x{}^2 - x, x \\in \\mathbb{R} \\)</span>&nbsp; &nbsp; &nbsp; &nbsp;d)&nbsp;<span class=\"math-tex\">\\(f\\left( x \\right) = \\frac{{3x - 1}}{{2x + 1}}, x \\in [0,1)\\)</span><br />\n	<br />\n	β) Βρείτε το όριο της συνάρτησης&nbsp;<span class=\"math-tex\">\\(f(x)\\)</span>&nbsp;όταν το&nbsp;<span class=\"math-tex\">\\(x \\to3\\)</span>&nbsp;όπου&nbsp;<span class=\"math-tex\">\\(f(x) = \\frac{{{x^2} - 2x - 3}}{{2x - 6}},x \\ne 3\\)</span><br />\n	&nbsp;</li>\n	<li>Δίνεται η συνάρτηση&nbsp;<span class=\"math-tex\">\\(f: \\mathbb{R}^*\\rightarrow \\mathbb{R}\\)</span>&nbsp;με:&nbsp;<span class=\"math-tex\">\\(f(x) = \\left\\{ {\\begin{array}{*{20}{c}}{{e^{ - {\\rm{ }}\\frac{1}{{{x^2}}}}} + 1,\\,\\,\\,\\,\\,\\,\\alpha \\nu \\,\\,\\,\\,x < 0\\,\\,\\,\\,\\,\\,\\,\\,\\,\\,\\,\\,\\,\\,\\,\\,\\,\\,\\,\\,}\\\\\\begin{array}{l}\\frac{{\\kappa \\eta \\mu x}}{x},\\,\\,\\,\\,\\,\\,\\,\\alpha \\nu \\,\\,\\,\\,0 < x < \\frac{\\pi }{2}\\\\\\frac{\\lambda }{x},\\,\\,\\,\\,\\,\\,\\,\\,\\,\\,\\,\\,\\,\\,\\,\\alpha \\nu \\,\\,\\,\\,x \\ge \\frac{\\pi }{2}\\,\\,\\,\\,\\,\\,\\,\\,\\,\\,\\,\\,\\,\\,\\,\\,\\end{array}\\end{array}} \\right.\\)</span>&nbsp;όπου&nbsp;<span class=\"math-tex\">\\(κ, λ \\in \\mathbb{R}\\)</span>.</li>\n</ol>\n\n<p>&nbsp;</p>\n',NULL,NULL),(88,1,'<p>R<sup>2</sup></p>\n',NULL,NULL),(97,26,'<p>α) Nα προσδιοριστεί το όριο <span class=\"math-tex\">\\(\\mathop {\\lim }\\limits_{x \\to 1} f\\left( x \\right)\\)</span>&nbsp;όταν&nbsp;<span class=\"math-tex\">\\(f\\left( x \\right) = \\frac{{\\sin \\left( {x{}^2 - 3x + 2} \\right)}}{{x - 1}}\\)</span></p>\n\n<p>β) Να προσδιοριστεί το όριο <span class=\"math-tex\">\\(\\mathop {\\lim }\\limits_{x \\to \\frac{\\pi }{2}} f\\left( x \\right)\\)</span>&nbsp;όταν&nbsp;<span class=\"math-tex\">\\(f\\left( x \\right) = \\frac{x}{{\\tan \\left( x \\right)}}\\frac{{\\left( {x - \\frac{\\pi }{2}} \\right)}}{{\\left( {x{}^2 + \\frac{\\pi }{2}x - \\frac{{\\pi {}^2}}{2}} \\right)}}\\)</span></p>\n\n<p>&nbsp;</p>\n','2001-10-16',3),(104,122,'<p>gt test doc</p>\n','2014-01-04',5),(105,25,'<p style=\"margin-left:40px\">Δίνεται η συνάρτηση <span class=\"math-tex\">\\(% MathType!MTEF!2!1!+- % feaagKart1ev2aaatCvAUfeBSjuyZL2yd9gzLbvyNv2CaerbuLwBLn % hiov2DGi1BTfMBaeXatLxBI9gBaerbd9wDYLwzYbItLDharqqtubsr % 4rNCHbGeaGqiVCI8FfYJH8YrFfeuY-Hhbbf9v8qqaqFr0xc9pk0xbb % a9q8WqFfeaY-biLkVcLq-JHqpepeea0-as0Fb9pgeaYRXxe9vr0-vr % 0-vqpWqaaeaabiGaciaacaqabeaadaqaaqaaaOqaaiaadAgacaGG6a % GaeSyhHe6aaWbaaSqabeaacqGHxiIkaaGccqGHsgIRcqWIDesOaaa!3D87! f:{\\mathbb{R}^ * } \\to \\mathbb{R}\\)</span><span class=\"math-tex\">\\(% MathType!MTEF!2!1!+- % feaagKart1ev2aaatCvAUfeBSjuyZL2yd9gzLbvyNv2CaerbuLwBLn % hiov2DGi1BTfMBaeXatLxBI9gBaerbd9wDYLwzYbItLDharqqtubsr % 4rNCHbGeaGqiVCI8FfYJH8YrFfeuY-Hhbbf9v8qqaqFr0xc9pk0xbb % a9q8WqFfeaY-biLkVcLq-JHqpepeea0-as0Fb9pgeaYRXxe9vr0-vr % 0-vqpWqaaeaabiGaciaacaqabeaadaqaaqaaaOqaaiaadAgacaGG6a % GaeSyhHe6aaWbaaSqabeaacqGHxiIkaaGccqGHsgIRcqWIDesOaaa!3D87! f:{\\mathbb{R}^ * } \\to \\mathbb{R}\\)</span> <span class=\"math-tex\">\\(f:{\\mathbb{R}^ * } \\to \\mathbb{R}\\)</span> με</p>\n\n<p style=\"margin-left:40px\"><span class=\"math-tex\">\\(% MathType!MTEF!2!1!+- % feaagKart1ev2aaatCvAUfeBSjuyZL2yd9gzLbvyNv2CaerbuLwBLn % hiov2DGi1BTfMBaeXatLxBI9gBaerbd9wDYLwzYbItLDharqqtubsr % 4rNCHbGeaGqiVCI8FfYJH8YrFfeuY-Hhbbf9v8qqaqFr0xc9pk0xbb % a9q8WqFfeaY-biLkVcLq-JHqpepeea0-as0Fb9pgeaYRXxe9vr0-vr % 0-vqpWqaaeaabiGaciaacaqabeaadaqaaqaaaOqaaiaadAgacaGGOa % GaamiEaiaacMcacqGH9aqpdaGabaqaauaabeqaceaaaeaacaWGLbWa % aWbaaSqabeaacqGHsislcaqGGaWaaSaaaeaacaaIXaaabaGaamiEam % aaCaaameqabaGaaGOmaaaaaaaaaOGaey4kaSIaaGymaiaacYcacaaM % c8UaaGPaVlaaykW7caaMc8UaaGPaVlaaykW7caqGXoGaaeyVdiaayk % W7caaMc8UaaGPaVlaaykW7caWG4bGaeyipaWJaaGimaiaaykW7caaM % c8UaaGPaVlaaykW7caaMc8UaaGPaVlaaykW7caaMc8UaaGPaVlaayk % W7caaMc8UaaGPaVlaaykW7caaMc8UaaGPaVlaaykW7caaMc8UaaGPa % VlaaykW7caaMc8oaeaqabeaadaWcaaqaaiabeQ7aRjabeE7aOjabeY % 7aTjaadIhaaeaacaWG4baaaiaacYcacaaMc8UaaGPaVlaaykW7caaM % c8UaaGPaVlaaykW7caaMc8UaaeySdiaab27acaaMc8UaaGPaVlaayk % W7caaMc8UaaGimaiabgYda8iaadIhacqGH8aapdaWcaaqaaiabec8a % WbqaaiaaikdaaaaabaWaaSaaaeaacqaH7oaBaeaacaWG4baaaiaacY % cacaaMc8UaaGPaVlaaykW7caaMc8UaaGPaVlaaykW7caaMc8UaaGPa % VlaaykW7caaMc8UaaGPaVlaaykW7caaMc8UaaGPaVlaaykW7caqGXo % GaaeyVdiaaykW7caaMc8UaaGPaVlaaykW7caWG4bGaeyyzIm7aaSaa % aeaacqaHapaCaeaacaaIYaaaaiaaykW7caaMc8UaaGPaVlaaykW7ca % aMc8UaaGPaVlaaykW7caaMc8UaaGPaVlaaykW7caaMc8UaaGPaVlaa % ykW7caaMc8UaaGPaVlaaykW7aaaaaiaawUhaaaaa!D950! f(x) = \\left\\{ {\\begin{array}{*{20}{c}} {{e^{ - {\\rm{ }}\\frac{1}{{{x^2}}}}} + 1,\\,\\,\\,\\,\\,\\,{\\rm{\\alpha \\nu }}\\,\\,\\,\\,x < 0\\,\\,\\,\\,\\,\\,\\,\\,\\,\\,\\,\\,\\,\\,\\,\\,\\,\\,\\,\\,}\\\\ \\begin{array}{l} \\frac{{\\kappa \\eta \\mu x}}{x},\\,\\,\\,\\,\\,\\,\\,{\\rm{\\alpha \\nu }}\\,\\,\\,\\,0 < x < \\frac{\\pi }{2}\\\\ \\frac{\\lambda }{x},\\,\\,\\,\\,\\,\\,\\,\\,\\,\\,\\,\\,\\,\\,\\,{\\rm{\\alpha \\nu }}\\,\\,\\,\\,x \\ge \\frac{\\pi }{2}\\,\\,\\,\\,\\,\\,\\,\\,\\,\\,\\,\\,\\,\\,\\,\\, \\end{array} \\end{array}} \\right.\\)</span><span class=\"math-tex\">\\( f(x) = \\left\\{ {\\begin{array}{*{20}{c}} {{e^{ - {\\rm{ }}\\frac{1}{{{x^2}}}}} + 1,\\,\\,\\,\\,\\,\\,{\\rm{\\alpha \\nu }}\\,\\,\\,\\,x < 0\\,\\,\\,\\,\\,\\,\\,\\,\\,\\,\\,\\,\\,\\,\\,\\,\\,\\,\\,\\,}\\\\ \\begin{array}{l} \\frac{{\\kappa \\eta \\mu x}}{x},\\,\\,\\,\\,\\,\\,\\,{\\rm{\\alpha \\nu }}\\,\\,\\,\\,0 < x < \\frac{\\pi }{2}\\\\ \\frac{\\lambda }{x},\\,\\,\\,\\,\\,\\,\\,\\,\\,\\,\\,\\,\\,\\,\\,{\\rm{\\alpha \\nu }}\\,\\,\\,\\,x \\ge \\frac{\\pi }{2}\\,\\,\\,\\,\\,\\,\\,\\,\\,\\,\\,\\,\\,\\,\\,\\, \\end{array} \\end{array}} \\right. \\)</span></p>\n\n<p style=\"margin-left:40px\">όπου <span class=\"math-tex\">\\(% MathType!MTEF!2!1!+- % feaagKart1ev2aaatCvAUfeBSjuyZL2yd9gzLbvyNv2CaerbuLwBLn % hiov2DGi1BTfMBaeXatLxBI9gBaerbd9wDYLwzYbItLDharqqtubsr % 4rNCHbGeaGqiVCI8FfYJH8YrFfeuY-Hhbbf9v8qqaqFr0xc9pk0xbb % a9q8WqFfeaY-biLkVcLq-JHqpepeea0-as0Fb9pgeaYRXxe9vr0-vr % 0-vqpWqaaeaabiGaciaacaqabeaadaqaaqaaaOqaaiabeQ7aRjaacY % cacqaH7oaBcqGHiiIZcqWIDesOaaa!3CF5! \\kappa ,\\lambda \\in \\mathbb{R}\\)</span></p>\n\n<p style=\"margin-left:40px\">(α) Να υπολογισθούν τα πλευρικά όρια:</p>\n\n<p style=\"margin-left:40px\"><span class=\"math-tex\">\\(\\mathop {\\lim }\\limits_{x \\to {0^ - }} f(x),\\,\\,\\mathop {\\lim }\\limits_{x \\to {0^ + }} f(x),\\,\\,\\mathop {\\lim }\\limits_{x \\to {{\\frac{\\pi }{2}}^ - }} f(x),\\,\\,\\mathop {\\lim }\\limits_{x \\to {{\\frac{\\pi }{2}}^ + }} f(x)\\)</span></p>\n\n<p style=\"margin-left:40px\">(β) Να βρεθεί η τιμή του <em>κ</em> ώστε να υπάρχει το <span class=\"math-tex\">\\(% MathType!MTEF!2!1!+- % feaagKart1ev2aaatCvAUfeBSjuyZL2yd9gzLbvyNv2CaerbuLwBLn % hiov2DGi1BTfMBaeXatLxBI9gBaerbd9wDYLwzYbItLDharqqtubsr % 4rNCHbGeaGqiVCI8FfYJH8YrFfeuY-Hhbbf9v8qqaqFr0xc9pk0xbb % a9q8WqFfeaY-biLkVcLq-JHqpepeea0-as0Fb9pgeaYRXxe9vr0-vr % 0-vqpWqaaeaabiGaciaacaqabeaadaqaaqaaaOqaamaaxababaGaci % iBaiaacMgacaGGTbaaleaacaWG4bGaeyOKH4QaaGimaaqabaGccaWG % MbGaaiikaiaadIhacaGGPaGaaiilaiaaxcW7caWLa8UaaGPaVlaadI % hacqGHiiIZcqWIDesOaaa!491F! \\mathop {\\lim }\\limits_{x \\to 0} f(x), \\in \\mathbb{R}\\)</span><span class=\"math-tex\">\\(\\mathop {\\lim }\\limits_{x \\to 0} f(x), \\in \\mathbb{R}\\)</span></p>\n\n<p style=\"margin-left:40px\">(γ) Να ορισθεί το <em>f </em>(0) ώστε η <em>f </em>να είναι συνεχής στο <span class=\"math-tex\">\\({x_0} = 0.\\)</span></p>\n\n<p style=\"margin-left:40px\">(δ) Για την προηγούμενη τιμή <em>f</em> (0) να βρεθεί η τιμή του λ ώστε η <em>f</em> να είναι συνεχής σε όλο το ℝ.</p>\n\n<p>&nbsp;</p>\n\n<p>&nbsp;</p>\n\n<p>&nbsp;</p>\n','2001-10-16',3),(107,27,'<p style=\"margin-left: 40px;\">Δίνεται η συνάρτηση</p>\n\n<p style=\"margin-left: 40px;\"><span class=\"math-tex\">\\(f(x) = \\left\\{ {\\begin{array}{*{20}{c}}\n\n{{a_1} + {b_1}\\,\\ell n\\,x,\\;\\quad \\quad \\;\\;\\;\\;x > 0}\\\\\n\n{c,\\quad \\quad \\;\\quad x = 0}\\\\\n\n{{a_2}\\,{e^{2x}} + \\frac{{{b_2}}}{x},\\quad \\quad x < 0\\;\\quad }\n\n\\end{array}} \\right.\\)</span>&nbsp;</p>\n\n<p style=\"margin-left: 40px;\">όπου a<sub>1</sub>, a<sub>2</sub>, b<sub>1</sub>, b<sub>2</sub> και c είναι πραγματικές σταθερές. Για κάθε μια από τις παρακάτω προτάσεις, να βρείτε ισοδύναμες συνθήκες για τις πραγματικές αυτές σταθερές a<sub>1</sub>, a<sub>2</sub>, b<sub>1</sub>, b<sub>2</sub> και c:</p>\n\n<p style=\"margin-left: 40px;\">(α)&nbsp; <span class=\"math-tex\">\\(\\mathop {\\lim }\\limits_{x \\to 0} \\,f(x) =  + \\infty \\)</span></p>\n\n<p style=\"margin-left: 40px;\">(β)&nbsp;&nbsp; <span class=\"math-tex\">\\(\\mathop {\\lim }\\limits_{x \\to 0} \\,f(x) = 4\\)</span></p>\n\n<p style=\"margin-left: 40px;\">(γ)&nbsp;&nbsp;&nbsp;&nbsp; η&nbsp;<em> f&nbsp;</em>&nbsp; είναι συνεχής στο <span class=\"math-tex\">\\(x = 0 \\)</span>.</p>\n','2001-10-16',3),(108,17,'<p>Αν</p>\n\n<p><span class=\"math-tex\">\\(f(x) = \\left\\{ {\\begin{array}{*{20}{c}}\n{x,\\,\\,\\,\\,|x| \\le 1}\\\\\n{\\frac{1}{x},\\,\\,\\,|x| > 1}\n\\end{array}} \\right.\n\\)</span></p>\n\n<p>να δείξετε ότι:<span class=\"math-tex\">\\(f \\circ f = f\\)</span></p>\n','2001-10-16',3),(109,16,'<p>Να ορισθούν τα πεδία ορισμού των συναρτήσεων <span style=\"font-family:times new roman,times,serif\"><em>f&nbsp; </em></span>και <span style=\"font-family:times new roman,times,serif\"><em>g</em></span> και να προσδιορισθεί&nbsp; το πεδίο ορισμού και η αναλυτική μορφή (ο τύπος) της σύνθετης συνάρτησης <span class=\"math-tex\">\\( g \\circ f \\)</span> για τα ακόλουθα ζεύγη:</p>\n\n<p>(α) <span class=\"math-tex\">\\(f(x) = x + 7,\\quad g(x) = \\sqrt {16 - {x^2}}\\)</span></p>\n\n<p>(β) <span class=\"math-tex\">\\(f(x) = \\ln (x - 1),\\quad g(x) = \\sqrt {1 - x} \\)</span></p>\n\n<p>&nbsp;</p>\n','2002-10-16',3),(110,38,'<p>Να υπολογιστούν τα όρια:</p>\n\n<p>(α) <span style=\"font-size:12px\"><span class=\"math-tex\">\\(\\underset{x\\to 1}{\\mathop{\\lim }}\\,\\frac{{{x}^{n}}-1}{{{x}^{m}}-1},\\,\\,m\\ne 0\\)</span></span></p>\n\n<p>(β) <span style=\"font-size:12px\"><span class=\"math-tex\">\\(\\underset{x\\to {{1}^{+}}}{\\mathop{\\lim }}\\,\\left( \\frac{1}{\\ln x}-\\frac{1}{x-1} \\right)\\)</span></span></p>\n\n<p>(γ) <span style=\"font-size:12px\"><span class=\"math-tex\">\\(\\underset{x\\to {{0}^{+}}}{\\mathop{\\lim }}\\,\\left( \\sin (x)\\ln (x) \\right)\\)</span></span></p>\n','2002-10-16',3),(111,29,'<p>Δίνεται η συνάρτηση <span class=\"math-tex\">\\( f(x)={{\\left( {{x}^{3}}+6x+7 \\right)}^{\\frac{1}{3}}}\\)</span>.</p>\n\n<p>(i) Δείξτε πως η συνάρτηση&nbsp;<span class=\"math-tex\">\\(f(x)\\)</span> είναι αύξουσα στο διάστημα&nbsp;<span class=\"math-tex\">\\(\\left( -\\infty ,+\\infty  \\right)\\)</span> και υπολογίστε την τιμή <span class=\"math-tex\">\\(f(2)\\)</span>.</p>\n\n<p>(ii) Αν η συνάρτηση&nbsp;<span class=\"math-tex\">\\(g(x)\\)</span> είναι η αντίστροφη συνάρτηση της&nbsp;<span class=\"math-tex\">\\( f(x)\\)</span> υπολογίστε την τιμή <span class=\"math-tex\">\\( {g}\'(3)\\)</span>.</p>\n','2002-10-16',3),(112,27,'<p>α) Για ποιες τιμές του <span style=\"font-family:times new roman,times,serif\"><em>x</em></span> η συνάρτηση<span style=\"font-family:times new roman,times,serif\"><em> f</em> </span>παίρνει τιμές μικρότερες του μηδενός;</p>\n\n<p>a) <span class=\"math-tex\">\\() f\\left( x \\right)=\\left\\{ \\begin{matrix} x,\\quad x>0 \\\\ -x,\\quad x\\le 0 \\\\ \\end{matrix} \\right. \\)</span></p>\n\n<p>b) <span class=\"math-tex\">\\() f\\left( x \\right)=\\frac{\\left| x \\right|}{x},\\quad x\\in \\mathbb{R} \\)</span></p>\n\n<p>c) <span class=\"math-tex\">\\(f\\left( x \\right)=x{}^{2}-x,\\quad x\\in \\mathbb{R}\\)</span></p>\n\n<p>d) <span class=\"math-tex\">\\(f\\left( x \\right)=\\frac{3x-1}{2x+1},\\quad x\\in [0,\\ 1)\\)</span></p>\n\n<p>β) Βρείτε το όριο της συνάρτησης<span style=\"font-family:times new roman,times,serif\"> <em>f </em>(<em>x</em>)</span> όταν το <span class=\"math-tex\">\\(x \\to 3\\)</span>, όπου</p>\n\n<p><span class=\"math-tex\">\\(f(x) = \\frac{{{x^2} - 2x - 3}}{{2x - 6}},x \\ne 3\\)</span></p>\n\n<p>Η συνάρτηση</p>\n\n<p><span class=\"math-tex\">\\(F(x) = \\left\\{ {\\begin{array}{*{20}{c}} {\\frac{{{x^2} - 2x - 3}}{{2x - 6}},x \\ne 3}\\\\ {2,\\,\\,\\,\\,\\,\\,\\,\\,\\,\\,\\,\\,\\,\\,\\,\\,\\,\\,{\\rm{ }}x = 3} \\end{array}} \\right. \\)</span></p>\n\n<p>είναι συνεχής για <span class=\"math-tex\">\\(x=3\\)</span><strong>;</strong></p>\n','2001-10-16',3),(115,38,'<p>α)&nbsp; Να υπολογισθεί το <span class=\"math-tex\">\\(\\underset{x\\to +\\infty }{\\mathop{\\lim }}\\,\\frac{{{x}^{2}}}{{{e}^{x}}}\\)</span>και γενικά το <span class=\"math-tex\">\\(\\underset{x\\to +\\infty }{\\mathop{\\lim }}\\,\\frac{{{x}^{n}}}{{{e}^{x}}},\\ n\\in {{\\mathbb{N}}^{+}}\\)</span>.</p>\n\n<p>β)&nbsp; Να υπολογισθεί το <span class=\"math-tex\">\\(\\underset{x\\to {{0}^{+}}}{\\mathop{\\lim }}\\,(x\\ln x)\\)</span> και γενικά το<span class=\"math-tex\">\\(\\underset{x\\to {{0}^{+}}}{\\mathop{\\lim }}\\,({{x}^{\\alpha }}\\ln x),\\quad \\alpha >0\\)</span>.</p>\n\n<p>γ)&nbsp; Να υπολογισθεί το&nbsp;<span class=\"math-tex\">\\(\\underset{x\\to {{0}^{+}}}{\\mathop{\\lim }}\\,\\left( \\sin (x)\\ln (x) \\right).\\)</span></p>\n','2003-09-28',3),(125,80,'<p>Fill in the document\'s body by clicking on the <img src=\"img/CMD_UPDATE.png\"></img> toolbar icon.</p>',NULL,6),(127,2,'<p>abcd</p>\n',NULL,NULL),(128,100,'<p><span class=\"math-tex\">\\(\\forall x \\in X, \\quad \\exists y \\leq \\epsilon\\)</span></p>\n','2014-12-08',3),(132,122,'<p>Παράδειγμα</p>\n',NULL,5);
/*!40000 ALTER TABLE `document` ENABLE KEYS */;
UNLOCK TABLES;

--
-- Table structure for table `document_type`
--

DROP TABLE IF EXISTS `document_type`;
/*!40101 SET @saved_cs_client     = @@character_set_client */;
/*!40101 SET character_set_client = utf8 */;
CREATE TABLE `document_type` (
  `ID` bigint(20) NOT NULL AUTO_INCREMENT,
  `NAME` varchar(255) NOT NULL,
  PRIMARY KEY (`ID`),
  UNIQUE KEY `UK_7g8h5fohmkj7arqitag1ec56d` (`NAME`)
) ENGINE=InnoDB AUTO_INCREMENT=8 DEFAULT CHARSET=utf8;
/*!40101 SET character_set_client = @saved_cs_client */;

--
-- Dumping data for table `document_type`
--

LOCK TABLES `document_type` WRITE;
/*!40000 ALTER TABLE `document_type` DISABLE KEYS */;
INSERT INTO `document_type` VALUES (5,'gt test'),(3,'Άσκηση'),(4,'Θέμα Εξετάσεων'),(6,'Παράδειγμα'),(7,'Πρόταση');
/*!40000 ALTER TABLE `document_type` ENABLE KEYS */;
UNLOCK TABLES;
/*!40103 SET TIME_ZONE=@OLD_TIME_ZONE */;

/*!40101 SET SQL_MODE=@OLD_SQL_MODE */;
/*!40014 SET FOREIGN_KEY_CHECKS=@OLD_FOREIGN_KEY_CHECKS */;
/*!40014 SET UNIQUE_CHECKS=@OLD_UNIQUE_CHECKS */;
/*!40101 SET CHARACTER_SET_CLIENT=@OLD_CHARACTER_SET_CLIENT */;
/*!40101 SET CHARACTER_SET_RESULTS=@OLD_CHARACTER_SET_RESULTS */;
/*!40101 SET COLLATION_CONNECTION=@OLD_COLLATION_CONNECTION */;
/*!40111 SET SQL_NOTES=@OLD_SQL_NOTES */;

-- Dump completed on 2015-06-03 20:45:55
